-- MySQL dump 10.13  Distrib 8.0.21, for Win64 (x86_64)
--
-- Host: localhost    Database: chat_bot_db
-- ------------------------------------------------------
-- Server version	8.0.21

/*!40101 SET @OLD_CHARACTER_SET_CLIENT=@@CHARACTER_SET_CLIENT */;
/*!40101 SET @OLD_CHARACTER_SET_RESULTS=@@CHARACTER_SET_RESULTS */;
/*!40101 SET @OLD_COLLATION_CONNECTION=@@COLLATION_CONNECTION */;
/*!50503 SET NAMES utf8 */;
/*!40103 SET @OLD_TIME_ZONE=@@TIME_ZONE */;
/*!40103 SET TIME_ZONE='+00:00' */;
/*!40014 SET @OLD_UNIQUE_CHECKS=@@UNIQUE_CHECKS, UNIQUE_CHECKS=0 */;
/*!40014 SET @OLD_FOREIGN_KEY_CHECKS=@@FOREIGN_KEY_CHECKS, FOREIGN_KEY_CHECKS=0 */;
/*!40101 SET @OLD_SQL_MODE=@@SQL_MODE, SQL_MODE='NO_AUTO_VALUE_ON_ZERO' */;
/*!40111 SET @OLD_SQL_NOTES=@@SQL_NOTES, SQL_NOTES=0 */;

--
-- Table structure for table `auth_group`
--

DROP TABLE IF EXISTS `auth_group`;
/*!40101 SET @saved_cs_client     = @@character_set_client */;
/*!50503 SET character_set_client = utf8mb4 */;
CREATE TABLE `auth_group` (
  `id` int NOT NULL AUTO_INCREMENT,
  `name` varchar(150) NOT NULL,
  PRIMARY KEY (`id`),
  UNIQUE KEY `name` (`name`)
) ENGINE=InnoDB DEFAULT CHARSET=utf8mb4 COLLATE=utf8mb4_0900_ai_ci;
/*!40101 SET character_set_client = @saved_cs_client */;

--
-- Dumping data for table `auth_group`
--

LOCK TABLES `auth_group` WRITE;
/*!40000 ALTER TABLE `auth_group` DISABLE KEYS */;
/*!40000 ALTER TABLE `auth_group` ENABLE KEYS */;
UNLOCK TABLES;

--
-- Table structure for table `auth_group_permissions`
--

DROP TABLE IF EXISTS `auth_group_permissions`;
/*!40101 SET @saved_cs_client     = @@character_set_client */;
/*!50503 SET character_set_client = utf8mb4 */;
CREATE TABLE `auth_group_permissions` (
  `id` int NOT NULL AUTO_INCREMENT,
  `group_id` int NOT NULL,
  `permission_id` int NOT NULL,
  PRIMARY KEY (`id`),
  UNIQUE KEY `auth_group_permissions_group_id_permission_id_0cd325b0_uniq` (`group_id`,`permission_id`),
  KEY `auth_group_permissio_permission_id_84c5c92e_fk_auth_perm` (`permission_id`),
  CONSTRAINT `auth_group_permissio_permission_id_84c5c92e_fk_auth_perm` FOREIGN KEY (`permission_id`) REFERENCES `auth_permission` (`id`),
  CONSTRAINT `auth_group_permissions_group_id_b120cbf9_fk_auth_group_id` FOREIGN KEY (`group_id`) REFERENCES `auth_group` (`id`)
) ENGINE=InnoDB DEFAULT CHARSET=utf8mb4 COLLATE=utf8mb4_0900_ai_ci;
/*!40101 SET character_set_client = @saved_cs_client */;

--
-- Dumping data for table `auth_group_permissions`
--

LOCK TABLES `auth_group_permissions` WRITE;
/*!40000 ALTER TABLE `auth_group_permissions` DISABLE KEYS */;
/*!40000 ALTER TABLE `auth_group_permissions` ENABLE KEYS */;
UNLOCK TABLES;

--
-- Table structure for table `auth_permission`
--

DROP TABLE IF EXISTS `auth_permission`;
/*!40101 SET @saved_cs_client     = @@character_set_client */;
/*!50503 SET character_set_client = utf8mb4 */;
CREATE TABLE `auth_permission` (
  `id` int NOT NULL AUTO_INCREMENT,
  `name` varchar(255) NOT NULL,
  `content_type_id` int NOT NULL,
  `codename` varchar(100) NOT NULL,
  PRIMARY KEY (`id`),
  UNIQUE KEY `auth_permission_content_type_id_codename_01ab375a_uniq` (`content_type_id`,`codename`),
  CONSTRAINT `auth_permission_content_type_id_2f476e4b_fk_django_co` FOREIGN KEY (`content_type_id`) REFERENCES `django_content_type` (`id`)
) ENGINE=InnoDB AUTO_INCREMENT=33 DEFAULT CHARSET=utf8mb4 COLLATE=utf8mb4_0900_ai_ci;
/*!40101 SET character_set_client = @saved_cs_client */;

--
-- Dumping data for table `auth_permission`
--

LOCK TABLES `auth_permission` WRITE;
/*!40000 ALTER TABLE `auth_permission` DISABLE KEYS */;
INSERT INTO `auth_permission` VALUES (1,'Can add log entry',1,'add_logentry'),(2,'Can change log entry',1,'change_logentry'),(3,'Can delete log entry',1,'delete_logentry'),(4,'Can view log entry',1,'view_logentry'),(5,'Can add permission',2,'add_permission'),(6,'Can change permission',2,'change_permission'),(7,'Can delete permission',2,'delete_permission'),(8,'Can view permission',2,'view_permission'),(9,'Can add group',3,'add_group'),(10,'Can change group',3,'change_group'),(11,'Can delete group',3,'delete_group'),(12,'Can view group',3,'view_group'),(13,'Can add user',4,'add_user'),(14,'Can change user',4,'change_user'),(15,'Can delete user',4,'delete_user'),(16,'Can view user',4,'view_user'),(17,'Can add content type',5,'add_contenttype'),(18,'Can change content type',5,'change_contenttype'),(19,'Can delete content type',5,'delete_contenttype'),(20,'Can view content type',5,'view_contenttype'),(21,'Can add session',6,'add_session'),(22,'Can change session',6,'change_session'),(23,'Can delete session',6,'delete_session'),(24,'Can view session',6,'view_session'),(25,'Can add statement',7,'add_statement'),(26,'Can change statement',7,'change_statement'),(27,'Can delete statement',7,'delete_statement'),(28,'Can view statement',7,'view_statement'),(29,'Can add tag',8,'add_tag'),(30,'Can change tag',8,'change_tag'),(31,'Can delete tag',8,'delete_tag'),(32,'Can view tag',8,'view_tag');
/*!40000 ALTER TABLE `auth_permission` ENABLE KEYS */;
UNLOCK TABLES;

--
-- Table structure for table `auth_user`
--

DROP TABLE IF EXISTS `auth_user`;
/*!40101 SET @saved_cs_client     = @@character_set_client */;
/*!50503 SET character_set_client = utf8mb4 */;
CREATE TABLE `auth_user` (
  `id` int NOT NULL AUTO_INCREMENT,
  `password` varchar(128) NOT NULL,
  `last_login` datetime(6) DEFAULT NULL,
  `is_superuser` tinyint(1) NOT NULL,
  `username` varchar(150) NOT NULL,
  `first_name` varchar(150) NOT NULL,
  `last_name` varchar(150) NOT NULL,
  `email` varchar(254) NOT NULL,
  `is_staff` tinyint(1) NOT NULL,
  `is_active` tinyint(1) NOT NULL,
  `date_joined` datetime(6) NOT NULL,
  PRIMARY KEY (`id`),
  UNIQUE KEY `username` (`username`)
) ENGINE=InnoDB AUTO_INCREMENT=2 DEFAULT CHARSET=utf8mb4 COLLATE=utf8mb4_0900_ai_ci;
/*!40101 SET character_set_client = @saved_cs_client */;

--
-- Dumping data for table `auth_user`
--

LOCK TABLES `auth_user` WRITE;
/*!40000 ALTER TABLE `auth_user` DISABLE KEYS */;
INSERT INTO `auth_user` VALUES (1,'pbkdf2_sha256$260000$Q1nK1AJSwxDEW2Yj3XitXC$KwV/kDMuNx0V2lDIEdUPUcVRzZUK3oiwA/ToAJrQJRA=','2021-06-07 03:12:55.283899',1,'admin','','','admin@gmail.com',1,1,'2021-06-01 05:37:15.167585');
/*!40000 ALTER TABLE `auth_user` ENABLE KEYS */;
UNLOCK TABLES;

--
-- Table structure for table `auth_user_groups`
--

DROP TABLE IF EXISTS `auth_user_groups`;
/*!40101 SET @saved_cs_client     = @@character_set_client */;
/*!50503 SET character_set_client = utf8mb4 */;
CREATE TABLE `auth_user_groups` (
  `id` int NOT NULL AUTO_INCREMENT,
  `user_id` int NOT NULL,
  `group_id` int NOT NULL,
  PRIMARY KEY (`id`),
  UNIQUE KEY `auth_user_groups_user_id_group_id_94350c0c_uniq` (`user_id`,`group_id`),
  KEY `auth_user_groups_group_id_97559544_fk_auth_group_id` (`group_id`),
  CONSTRAINT `auth_user_groups_group_id_97559544_fk_auth_group_id` FOREIGN KEY (`group_id`) REFERENCES `auth_group` (`id`),
  CONSTRAINT `auth_user_groups_user_id_6a12ed8b_fk_auth_user_id` FOREIGN KEY (`user_id`) REFERENCES `auth_user` (`id`)
) ENGINE=InnoDB DEFAULT CHARSET=utf8mb4 COLLATE=utf8mb4_0900_ai_ci;
/*!40101 SET character_set_client = @saved_cs_client */;

--
-- Dumping data for table `auth_user_groups`
--

LOCK TABLES `auth_user_groups` WRITE;
/*!40000 ALTER TABLE `auth_user_groups` DISABLE KEYS */;
/*!40000 ALTER TABLE `auth_user_groups` ENABLE KEYS */;
UNLOCK TABLES;

--
-- Table structure for table `auth_user_user_permissions`
--

DROP TABLE IF EXISTS `auth_user_user_permissions`;
/*!40101 SET @saved_cs_client     = @@character_set_client */;
/*!50503 SET character_set_client = utf8mb4 */;
CREATE TABLE `auth_user_user_permissions` (
  `id` int NOT NULL AUTO_INCREMENT,
  `user_id` int NOT NULL,
  `permission_id` int NOT NULL,
  PRIMARY KEY (`id`),
  UNIQUE KEY `auth_user_user_permissions_user_id_permission_id_14a6b632_uniq` (`user_id`,`permission_id`),
  KEY `auth_user_user_permi_permission_id_1fbb5f2c_fk_auth_perm` (`permission_id`),
  CONSTRAINT `auth_user_user_permi_permission_id_1fbb5f2c_fk_auth_perm` FOREIGN KEY (`permission_id`) REFERENCES `auth_permission` (`id`),
  CONSTRAINT `auth_user_user_permissions_user_id_a95ead1b_fk_auth_user_id` FOREIGN KEY (`user_id`) REFERENCES `auth_user` (`id`)
) ENGINE=InnoDB DEFAULT CHARSET=utf8mb4 COLLATE=utf8mb4_0900_ai_ci;
/*!40101 SET character_set_client = @saved_cs_client */;

--
-- Dumping data for table `auth_user_user_permissions`
--

LOCK TABLES `auth_user_user_permissions` WRITE;
/*!40000 ALTER TABLE `auth_user_user_permissions` DISABLE KEYS */;
/*!40000 ALTER TABLE `auth_user_user_permissions` ENABLE KEYS */;
UNLOCK TABLES;

--
-- Table structure for table `django_admin_log`
--

DROP TABLE IF EXISTS `django_admin_log`;
/*!40101 SET @saved_cs_client     = @@character_set_client */;
/*!50503 SET character_set_client = utf8mb4 */;
CREATE TABLE `django_admin_log` (
  `id` int NOT NULL AUTO_INCREMENT,
  `action_time` datetime(6) NOT NULL,
  `object_id` longtext,
  `object_repr` varchar(200) NOT NULL,
  `action_flag` smallint unsigned NOT NULL,
  `change_message` longtext NOT NULL,
  `content_type_id` int DEFAULT NULL,
  `user_id` int NOT NULL,
  PRIMARY KEY (`id`),
  KEY `django_admin_log_content_type_id_c4bce8eb_fk_django_co` (`content_type_id`),
  KEY `django_admin_log_user_id_c564eba6_fk_auth_user_id` (`user_id`),
  CONSTRAINT `django_admin_log_content_type_id_c4bce8eb_fk_django_co` FOREIGN KEY (`content_type_id`) REFERENCES `django_content_type` (`id`),
  CONSTRAINT `django_admin_log_user_id_c564eba6_fk_auth_user_id` FOREIGN KEY (`user_id`) REFERENCES `auth_user` (`id`),
  CONSTRAINT `django_admin_log_chk_1` CHECK ((`action_flag` >= 0))
) ENGINE=InnoDB AUTO_INCREMENT=27 DEFAULT CHARSET=utf8mb4 COLLATE=utf8mb4_0900_ai_ci;
/*!40101 SET character_set_client = @saved_cs_client */;

--
-- Dumping data for table `django_admin_log`
--

LOCK TABLES `django_admin_log` WRITE;
/*!40000 ALTER TABLE `django_admin_log` DISABLE KEYS */;
INSERT INTO `django_admin_log` VALUES (1,'2021-06-01 06:13:47.024402','1','digambar',1,'[{\"added\": {}}]',8,1),(2,'2021-06-01 06:13:50.640383','1','12pm',1,'[{\"added\": {}}]',7,1),(3,'2021-06-01 06:19:53.103674','2','pradip',1,'[{\"added\": {}}]',8,1),(4,'2021-06-01 06:19:57.089219','2','12pm',1,'[{\"added\": {}}]',7,1),(5,'2021-06-01 22:16:16.126379','3','time',1,'[{\"added\": {}}]',8,1),(6,'2021-06-01 22:16:22.788194','2','12pm',2,'[{\"changed\": {\"fields\": [\"Tags\"]}}]',7,1),(7,'2021-06-01 22:16:32.229703','1','12pm',2,'[{\"changed\": {\"fields\": [\"Tags\"]}}]',7,1),(8,'2021-06-01 22:22:28.438740','4','college',1,'[{\"added\": {}}]',8,1),(9,'2021-06-01 22:22:40.744461','2','pradip',3,'',8,1),(10,'2021-06-01 22:22:40.750864','1','digambar',3,'',8,1),(11,'2021-06-01 22:22:56.568217','5','name',1,'[{\"added\": {}}]',8,1),(12,'2021-06-01 22:23:04.444541','6','your',1,'[{\"added\": {}}]',8,1),(13,'2021-06-01 22:23:14.289137','7','what',1,'[{\"added\": {}}]',8,1),(14,'2021-06-01 22:23:59.232346','2','12pm',2,'[{\"changed\": {\"fields\": [\"Tags\"]}}]',7,1),(15,'2021-06-01 22:24:22.301798','1','12pm',2,'[{\"changed\": {\"fields\": [\"Tags\"]}}]',7,1),(16,'2021-06-01 22:25:04.265269','3','ndmvp',1,'[{\"added\": {}}]',7,1),(17,'2021-06-01 22:25:47.762183','4','ndmvp',1,'[{\"added\": {}}]',7,1),(18,'2021-06-01 22:31:26.006119','4','ndmvp',2,'[{\"changed\": {\"fields\": [\"Search text\", \"In response to\"]}}]',7,1),(19,'2021-06-01 22:31:48.635202','3','ndmvp',2,'[{\"changed\": {\"fields\": [\"Search text\", \"In response to\"]}}]',7,1),(20,'2021-06-01 22:32:04.714043','2','12pm',2,'[{\"changed\": {\"fields\": [\"Search text\", \"In response to\"]}}]',7,1),(21,'2021-06-01 22:32:18.785863','1','12pm',2,'[{\"changed\": {\"fields\": [\"Search text\", \"In response to\"]}}]',7,1),(22,'2021-06-01 22:33:09.852815','4','ndmvp',2,'[{\"changed\": {\"fields\": [\"Search in response to\"]}}]',7,1),(23,'2021-06-01 22:33:23.039126','3','ndmvp',2,'[{\"changed\": {\"fields\": [\"Search in response to\"]}}]',7,1),(24,'2021-06-01 22:33:33.595023','2','12pm',2,'[{\"changed\": {\"fields\": [\"Search in response to\"]}}]',7,1),(25,'2021-06-01 22:33:43.151675','1','12pm',2,'[{\"changed\": {\"fields\": [\"Search in response to\"]}}]',7,1),(26,'2021-06-01 23:27:40.440438','5','nuthing doing',1,'[{\"added\": {}}]',7,1);
/*!40000 ALTER TABLE `django_admin_log` ENABLE KEYS */;
UNLOCK TABLES;

--
-- Table structure for table `django_chatterbot_statement`
--

DROP TABLE IF EXISTS `django_chatterbot_statement`;
/*!40101 SET @saved_cs_client     = @@character_set_client */;
/*!50503 SET character_set_client = utf8mb4 */;
CREATE TABLE `django_chatterbot_statement` (
  `id` int NOT NULL AUTO_INCREMENT,
  `text` varchar(255) NOT NULL,
  `created_at` datetime(6) NOT NULL,
  `conversation` varchar(32) NOT NULL,
  `in_response_to` varchar(255) DEFAULT NULL,
  `persona` varchar(50) NOT NULL,
  `search_text` varchar(255) NOT NULL,
  `search_in_response_to` varchar(255) NOT NULL,
  PRIMARY KEY (`id`)
) ENGINE=InnoDB AUTO_INCREMENT=6 DEFAULT CHARSET=utf8mb4 COLLATE=utf8mb4_0900_ai_ci;
/*!40101 SET character_set_client = @saved_cs_client */;

--
-- Dumping data for table `django_chatterbot_statement`
--

LOCK TABLES `django_chatterbot_statement` WRITE;
/*!40000 ALTER TABLE `django_chatterbot_statement` DISABLE KEYS */;
INSERT INTO `django_chatterbot_statement` VALUES (1,'12pm','2021-06-01 05:54:24.000000','12pm','12pm','DIGAMBAR','college time','college time'),(2,'12pm','2021-06-01 06:13:56.000000','12pm','12pm','DIGAMBAR','what is your college time','what is your college time'),(3,'ndmvp','2021-06-01 22:24:25.000000','ndmvp','ndmvp','DIGAMBAR','what is your college name','what is your college name'),(4,'ndmvp','2021-06-01 22:25:11.000000','ndmvp','ndmvp','DIGAMBAR','college name','college name'),(5,'nuthing doing','2021-06-01 23:26:27.000000','teaning','what are you doing','DIGAMBAR','','');
/*!40000 ALTER TABLE `django_chatterbot_statement` ENABLE KEYS */;
UNLOCK TABLES;

--
-- Table structure for table `django_chatterbot_statement_tags`
--

DROP TABLE IF EXISTS `django_chatterbot_statement_tags`;
/*!40101 SET @saved_cs_client     = @@character_set_client */;
/*!50503 SET character_set_client = utf8mb4 */;
CREATE TABLE `django_chatterbot_statement_tags` (
  `id` int NOT NULL AUTO_INCREMENT,
  `statement_id` int NOT NULL,
  `tag_id` int NOT NULL,
  PRIMARY KEY (`id`),
  UNIQUE KEY `django_chatterbot_statem_statement_id_tag_id_97e52c79_uniq` (`statement_id`,`tag_id`),
  KEY `django_chatterbot_st_tag_id_8b9700a1_fk_django_ch` (`tag_id`),
  CONSTRAINT `django_chatterbot_st_statement_id_4af9bb8a_fk_django_ch` FOREIGN KEY (`statement_id`) REFERENCES `django_chatterbot_statement` (`id`),
  CONSTRAINT `django_chatterbot_st_tag_id_8b9700a1_fk_django_ch` FOREIGN KEY (`tag_id`) REFERENCES `django_chatterbot_tag` (`id`)
) ENGINE=InnoDB AUTO_INCREMENT=20 DEFAULT CHARSET=utf8mb4 COLLATE=utf8mb4_0900_ai_ci;
/*!40101 SET character_set_client = @saved_cs_client */;

--
-- Dumping data for table `django_chatterbot_statement_tags`
--

LOCK TABLES `django_chatterbot_statement_tags` WRITE;
/*!40000 ALTER TABLE `django_chatterbot_statement_tags` DISABLE KEYS */;
INSERT INTO `django_chatterbot_statement_tags` VALUES (4,1,3),(8,1,4),(9,1,6),(10,1,7),(3,2,3),(5,2,4),(6,2,6),(7,2,7),(11,3,4),(12,3,5),(13,3,6),(14,3,7),(15,4,4),(16,4,5),(17,4,6),(18,4,7),(19,5,4);
/*!40000 ALTER TABLE `django_chatterbot_statement_tags` ENABLE KEYS */;
UNLOCK TABLES;

--
-- Table structure for table `django_chatterbot_tag`
--

DROP TABLE IF EXISTS `django_chatterbot_tag`;
/*!40101 SET @saved_cs_client     = @@character_set_client */;
/*!50503 SET character_set_client = utf8mb4 */;
CREATE TABLE `django_chatterbot_tag` (
  `id` int NOT NULL AUTO_INCREMENT,
  `name` varchar(50) NOT NULL,
  PRIMARY KEY (`id`),
  UNIQUE KEY `django_chatterbot_tag_name_656db2ad_uniq` (`name`)
) ENGINE=InnoDB AUTO_INCREMENT=8 DEFAULT CHARSET=utf8mb4 COLLATE=utf8mb4_0900_ai_ci;
/*!40101 SET character_set_client = @saved_cs_client */;

--
-- Dumping data for table `django_chatterbot_tag`
--

LOCK TABLES `django_chatterbot_tag` WRITE;
/*!40000 ALTER TABLE `django_chatterbot_tag` DISABLE KEYS */;
INSERT INTO `django_chatterbot_tag` VALUES (4,'college'),(5,'name'),(3,'time'),(7,'what'),(6,'your');
/*!40000 ALTER TABLE `django_chatterbot_tag` ENABLE KEYS */;
UNLOCK TABLES;

--
-- Table structure for table `django_content_type`
--

DROP TABLE IF EXISTS `django_content_type`;
/*!40101 SET @saved_cs_client     = @@character_set_client */;
/*!50503 SET character_set_client = utf8mb4 */;
CREATE TABLE `django_content_type` (
  `id` int NOT NULL AUTO_INCREMENT,
  `app_label` varchar(100) NOT NULL,
  `model` varchar(100) NOT NULL,
  PRIMARY KEY (`id`),
  UNIQUE KEY `django_content_type_app_label_model_76bd3d3b_uniq` (`app_label`,`model`)
) ENGINE=InnoDB AUTO_INCREMENT=9 DEFAULT CHARSET=utf8mb4 COLLATE=utf8mb4_0900_ai_ci;
/*!40101 SET character_set_client = @saved_cs_client */;

--
-- Dumping data for table `django_content_type`
--

LOCK TABLES `django_content_type` WRITE;
/*!40000 ALTER TABLE `django_content_type` DISABLE KEYS */;
INSERT INTO `django_content_type` VALUES (1,'admin','logentry'),(3,'auth','group'),(2,'auth','permission'),(4,'auth','user'),(5,'contenttypes','contenttype'),(7,'django_chatterbot','statement'),(8,'django_chatterbot','tag'),(6,'sessions','session');
/*!40000 ALTER TABLE `django_content_type` ENABLE KEYS */;
UNLOCK TABLES;

--
-- Table structure for table `django_migrations`
--

DROP TABLE IF EXISTS `django_migrations`;
/*!40101 SET @saved_cs_client     = @@character_set_client */;
/*!50503 SET character_set_client = utf8mb4 */;
CREATE TABLE `django_migrations` (
  `id` int NOT NULL AUTO_INCREMENT,
  `app` varchar(255) NOT NULL,
  `name` varchar(255) NOT NULL,
  `applied` datetime(6) NOT NULL,
  PRIMARY KEY (`id`)
) ENGINE=InnoDB AUTO_INCREMENT=37 DEFAULT CHARSET=utf8mb4 COLLATE=utf8mb4_0900_ai_ci;
/*!40101 SET character_set_client = @saved_cs_client */;

--
-- Dumping data for table `django_migrations`
--

LOCK TABLES `django_migrations` WRITE;
/*!40000 ALTER TABLE `django_migrations` DISABLE KEYS */;
INSERT INTO `django_migrations` VALUES (1,'contenttypes','0001_initial','2021-06-01 05:33:34.832039'),(2,'auth','0001_initial','2021-06-01 05:33:36.065125'),(3,'admin','0001_initial','2021-06-01 05:33:36.482075'),(4,'admin','0002_logentry_remove_auto_add','2021-06-01 05:33:36.509061'),(5,'admin','0003_logentry_add_action_flag_choices','2021-06-01 05:33:36.536045'),(6,'contenttypes','0002_remove_content_type_name','2021-06-01 05:33:37.014150'),(7,'auth','0002_alter_permission_name_max_length','2021-06-01 05:33:37.148867'),(8,'auth','0003_alter_user_email_max_length','2021-06-01 05:33:37.195239'),(9,'auth','0004_alter_user_username_opts','2021-06-01 05:33:37.206677'),(10,'auth','0005_alter_user_last_login_null','2021-06-01 05:33:37.299331'),(11,'auth','0006_require_contenttypes_0002','2021-06-01 05:33:37.306327'),(12,'auth','0007_alter_validators_add_error_messages','2021-06-01 05:33:37.326318'),(13,'auth','0008_alter_user_username_max_length','2021-06-01 05:33:37.454836'),(14,'auth','0009_alter_user_last_name_max_length','2021-06-01 05:33:37.923105'),(15,'auth','0010_alter_group_name_max_length','2021-06-01 05:33:38.023313'),(16,'auth','0011_update_proxy_permissions','2021-06-01 05:33:38.053201'),(17,'auth','0012_alter_user_first_name_max_length','2021-06-01 05:33:38.172219'),(18,'django_chatterbot','0001_initial','2021-06-01 05:33:38.478020'),(19,'django_chatterbot','0002_statement_extra_data','2021-06-01 05:33:38.537193'),(20,'django_chatterbot','0003_change_occurrence_default','2021-06-01 05:33:38.556493'),(21,'django_chatterbot','0004_rename_in_response_to','2021-06-01 05:33:38.574442'),(22,'django_chatterbot','0005_statement_created_at','2021-06-01 05:33:38.647958'),(23,'django_chatterbot','0006_create_conversation','2021-06-01 05:33:38.954818'),(24,'django_chatterbot','0007_response_created_at','2021-06-01 05:33:39.010890'),(25,'django_chatterbot','0008_update_conversations','2021-06-01 05:33:39.459184'),(26,'django_chatterbot','0009_tags','2021-06-01 05:33:40.108827'),(27,'django_chatterbot','0010_statement_text','2021-06-01 05:33:40.181754'),(28,'django_chatterbot','0011_blank_extra_data','2021-06-01 05:33:40.200743'),(29,'django_chatterbot','0012_statement_created_at','2021-06-01 05:33:40.309191'),(30,'django_chatterbot','0013_change_conversations','2021-06-01 05:33:41.078730'),(31,'django_chatterbot','0014_remove_statement_extra_data','2021-06-01 05:33:41.158866'),(32,'django_chatterbot','0015_statement_persona','2021-06-01 05:33:41.211203'),(33,'django_chatterbot','0016_statement_stemmed_text','2021-06-01 05:33:41.362115'),(34,'django_chatterbot','0017_tags_unique','2021-06-01 05:33:41.991753'),(35,'django_chatterbot','0018_text_max_length','2021-06-01 05:33:42.387003'),(36,'sessions','0001_initial','2021-06-01 05:33:43.060146');
/*!40000 ALTER TABLE `django_migrations` ENABLE KEYS */;
UNLOCK TABLES;

--
-- Table structure for table `django_session`
--

DROP TABLE IF EXISTS `django_session`;
/*!40101 SET @saved_cs_client     = @@character_set_client */;
/*!50503 SET character_set_client = utf8mb4 */;
CREATE TABLE `django_session` (
  `session_key` varchar(40) NOT NULL,
  `session_data` longtext NOT NULL,
  `expire_date` datetime(6) NOT NULL,
  PRIMARY KEY (`session_key`),
  KEY `django_session_expire_date_a5c62663` (`expire_date`)
) ENGINE=InnoDB DEFAULT CHARSET=utf8mb4 COLLATE=utf8mb4_0900_ai_ci;
/*!40101 SET character_set_client = @saved_cs_client */;

--
-- Dumping data for table `django_session`
--

LOCK TABLES `django_session` WRITE;
/*!40000 ALTER TABLE `django_session` DISABLE KEYS */;
INSERT INTO `django_session` VALUES ('0yd0bc9ek1jnxapbkqbvw89gjgslbi2t','.eJxVjMsOwiAQRf-FtSEdSnm4dO83EGZgpGogKe3K-O_apAvd3nPOfYkQt7WEreclzEmcBYjT74aRHrnuIN1jvTVJra7LjHJX5EG7vLaUn5fD_TsosZdvbdGgJyTy3mpmFTll8ACDm5QCRmuI2DKN2iiXeJwG8FqP3iUHaKwT7w_5gze_:1lq5h9:oHMdxtE-mX_Qv-2chFJgZfbAGMGrWP1kpmNFZqdVCj4','2021-06-21 03:12:55.288658'),('1ryooiz4j9rc8cu8qk1utebnqiqhksa1','.eJxVjMsOwiAQRf-FtSEdSnm4dO83EGZgpGogKe3K-O_apAvd3nPOfYkQt7WEreclzEmcBYjT74aRHrnuIN1jvTVJra7LjHJX5EG7vLaUn5fD_TsosZdvbdGgJyTy3mpmFTll8ACDm5QCRmuI2DKN2iiXeJwG8FqP3iUHaKwT7w_5gze_:1loDkE:70bg6x-LNtqSChuLGKLUR1YO25NM7llduSDIdJju7fY','2021-06-15 23:24:22.664983'),('e4u7wm92iw8yvmhm3uachjnutxau20cy','.eJxVjMsOwiAQRf-FtSEdSnm4dO83EGZgpGogKe3K-O_apAvd3nPOfYkQt7WEreclzEmcBYjT74aRHrnuIN1jvTVJra7LjHJX5EG7vLaUn5fD_TsosZdvbdGgJyTy3mpmFTll8ACDm5QCRmuI2DKN2iiXeJwG8FqP3iUHaKwT7w_5gze_:1lo8hU:CTa2IJRNttTFKTpqXGvjftd57DDfv1JvCaakSdI9hX0','2021-06-15 18:01:12.653531'),('mah9amh6ibl01gn2udgloytopd7ahhq2','.eJxVjMsOwiAQRf-FtSEdSnm4dO83EGZgpGogKe3K-O_apAvd3nPOfYkQt7WEreclzEmcBYjT74aRHrnuIN1jvTVJra7LjHJX5EG7vLaUn5fD_TsosZdvbdGgJyTy3mpmFTll8ACDm5QCRmuI2DKN2iiXeJwG8FqP3iUHaKwT7w_5gze_:1loluQ:KzPtU80J_Lmtrj2MPV1FnoOruoxKTRRd5aH6W4Es80Q','2021-06-17 11:53:10.225934'),('mzft7pqibn75j5t0z01ge0cglykqaffm','.eJxVjMsOwiAQRf-FtSEdSnm4dO83EGZgpGogKe3K-O_apAvd3nPOfYkQt7WEreclzEmcBYjT74aRHrnuIN1jvTVJra7LjHJX5EG7vLaUn5fD_TsosZdvbdGgJyTy3mpmFTll8ACDm5QCRmuI2DKN2iiXeJwG8FqP3iUHaKwT7w_5gze_:1lnx80:952YTRzKh8lhVmxSoRC00h383V6CF9sYpKlGQlLJuiE','2021-06-15 05:39:48.901044'),('p1blekkhmhk57vjq9u3rzcbv561ikq26','.eJxVjMsOwiAQRf-FtSEdSnm4dO83EGZgpGogKe3K-O_apAvd3nPOfYkQt7WEreclzEmcBYjT74aRHrnuIN1jvTVJra7LjHJX5EG7vLaUn5fD_TsosZdvbdGgJyTy3mpmFTll8ACDm5QCRmuI2DKN2iiXeJwG8FqP3iUHaKwT7w_5gze_:1lpAvs:pB-1-_RMvQbovtWqLwxtSwblDLpUl7_q6HFHOuAk1yg','2021-06-18 14:36:20.928649');
/*!40000 ALTER TABLE `django_session` ENABLE KEYS */;
UNLOCK TABLES;

--
-- Table structure for table `statement`
--

DROP TABLE IF EXISTS `statement`;
/*!40101 SET @saved_cs_client     = @@character_set_client */;
/*!50503 SET character_set_client = utf8mb4 */;
CREATE TABLE `statement` (
  `id` int NOT NULL AUTO_INCREMENT,
  `text` varchar(255) DEFAULT NULL,
  `search_text` varchar(255) NOT NULL DEFAULT '',
  `conversation` varchar(32) NOT NULL DEFAULT '',
  `created_at` datetime DEFAULT CURRENT_TIMESTAMP,
  `in_response_to` varchar(255) DEFAULT NULL,
  `search_in_response_to` varchar(255) NOT NULL DEFAULT '',
  `persona` varchar(50) NOT NULL DEFAULT '',
  PRIMARY KEY (`id`)
) ENGINE=InnoDB AUTO_INCREMENT=1471 DEFAULT CHARSET=utf8mb4 COLLATE=utf8mb4_0900_ai_ci;
/*!40101 SET character_set_client = @saved_cs_client */;

--
-- Dumping data for table `statement`
--

LOCK TABLES `statement` WRITE;
/*!40000 ALTER TABLE `statement` DISABLE KEYS */;
INSERT INTO `statement` VALUES (1,'12pm','NN:case','','2021-06-01 11:50:19','college time','',''),(2,'college time','','','2021-06-01 11:50:21','college time','','bot:ndmvp'),(3,'college time','NN:case','','2021-06-01 11:50:29','college time','',''),(4,'college time','','','2021-06-01 11:50:29','college time','','bot:ndmvp'),(5,'what is your college time','PRP$:body NN:case','','2021-06-01 11:51:00','college time','',''),(6,'college time','','','2021-06-01 11:51:00','what is your college time','','bot:ndmvp'),(7,'what is your college time','PRP$:body NN:case','','2021-06-01 11:51:02','what is your college time','',''),(8,'college time','','','2021-06-01 11:51:02','what is your college time','','bot:ndmvp'),(9,'what is your college time','PRP$:body NN:case','','2021-06-01 11:51:03','what is your college time','',''),(10,'what is your college time','','','2021-06-01 11:51:03','what is your college time','','bot:ndmvp'),(11,'what is your college time','PRP$:body NN:case','','2021-06-01 11:51:04','what is your college time','',''),(12,'college time','','','2021-06-01 11:51:04','what is your college time','','bot:ndmvp'),(13,'what is your college time','PRP$:body NN:case','','2021-06-01 11:51:05','what is your college time','',''),(14,'college time','','','2021-06-01 11:51:05','what is your college time','','bot:ndmvp'),(15,'college time','NN:case','','2021-06-01 11:52:28','what is your college time','',''),(16,'what is your college time','','','2021-06-01 11:52:28','college time','','bot:ndmvp'),(17,'12pm','12pm','','2021-06-01 11:52:33','college time','',''),(18,'what is your college time','','','2021-06-01 11:52:33','12pm','','bot:ndmvp'),(19,'college time','NN:case','','2021-06-01 11:52:40','12pm','',''),(20,'college time','','','2021-06-01 11:52:40','college time','','bot:ndmvp'),(21,'','','','2021-06-01 11:52:41','college time','',''),(22,'12pm','','','2021-06-01 11:52:41','','','bot:ndmvp'),(23,'','','','2021-06-01 11:52:43','12pm','',''),(24,'12pm','','','2021-06-01 11:52:43','','','bot:ndmvp'),(25,'','','','2021-06-01 11:52:44','12pm','',''),(26,'what is your college time','','','2021-06-01 11:52:44','','','bot:ndmvp'),(27,'','','','2021-06-01 11:52:45','what is your college time','',''),(28,'college time','','','2021-06-01 11:52:45','','','bot:ndmvp'),(29,'','','','2021-06-01 11:52:45','college time','',''),(30,'what is your college time','','','2021-06-01 11:52:45','','','bot:ndmvp'),(31,'','','','2021-06-01 11:52:45','what is your college time','',''),(32,'college time','','','2021-06-01 11:52:45','','','bot:ndmvp'),(33,'','','','2021-06-01 11:52:45','college time','',''),(34,'college time','','','2021-06-01 11:52:45','','','bot:ndmvp'),(35,'','','','2021-06-01 11:52:45','college time','',''),(36,'what is your college time','','','2021-06-01 11:52:45','','','bot:ndmvp'),(37,'','','','2021-06-01 11:52:46','what is your college time','',''),(38,'what is your college time','','','2021-06-01 11:52:46','','','bot:ndmvp'),(39,'','','','2021-06-01 11:52:46','what is your college time','',''),(40,'college time','','','2021-06-01 11:52:46','','','bot:ndmvp'),(41,'','','','2021-06-01 11:52:46','college time','',''),(42,'what is your college time','','','2021-06-01 11:52:46','','','bot:ndmvp'),(43,'','','','2021-06-01 11:52:46','what is your college time','',''),(44,'college time','','','2021-06-01 11:52:46','','','bot:ndmvp'),(45,'','','','2021-06-01 11:52:46','college time','',''),(46,'college time','','','2021-06-01 11:52:46','','','bot:ndmvp'),(47,'','','','2021-06-01 11:52:46','college time','',''),(48,'what is your college time','','','2021-06-01 11:52:47','','','bot:ndmvp'),(49,'','','','2021-06-01 11:52:47','what is your college time','',''),(50,'what is your college time','','','2021-06-01 11:52:47','','','bot:ndmvp'),(51,'','','','2021-06-01 11:52:47','what is your college time','',''),(52,'college time','','','2021-06-01 11:52:47','','','bot:ndmvp'),(53,'','','','2021-06-01 11:52:47','college time','',''),(54,'what is your college time','','','2021-06-01 11:52:47','','','bot:ndmvp'),(55,'','','','2021-06-01 11:52:47','what is your college time','',''),(56,'college time','','','2021-06-01 11:52:47','','','bot:ndmvp'),(57,'','','','2021-06-01 11:52:47','college time','',''),(58,'college time','','','2021-06-01 11:52:47','','','bot:ndmvp'),(59,'','','','2021-06-01 11:52:47','college time','',''),(60,'what is your college time','','','2021-06-01 11:52:48','','','bot:ndmvp'),(61,'','','','2021-06-01 11:52:48','what is your college time','',''),(62,'what is your college time','','','2021-06-01 11:52:48','','','bot:ndmvp'),(63,'','','','2021-06-01 11:52:48','what is your college time','',''),(64,'college time','','','2021-06-01 11:52:48','','','bot:ndmvp'),(65,'','','','2021-06-01 11:52:48','college time','',''),(66,'what is your college time','','','2021-06-01 11:52:48','','','bot:ndmvp'),(67,'','','','2021-06-01 11:52:48','what is your college time','',''),(68,'college time','','','2021-06-01 11:52:48','','','bot:ndmvp'),(69,'','','','2021-06-01 11:52:48','college time','',''),(70,'college time','','','2021-06-01 11:52:49','','','bot:ndmvp'),(71,'','','','2021-06-01 11:52:49','college time','',''),(72,'what is your college time','','','2021-06-01 11:52:49','','','bot:ndmvp'),(73,'','','','2021-06-01 11:52:49','what is your college time','',''),(74,'what is your college time','','','2021-06-01 11:52:49','','','bot:ndmvp'),(75,'','','','2021-06-01 11:52:49','what is your college time','',''),(76,'college time','','','2021-06-01 11:52:50','','','bot:ndmvp'),(77,'','','','2021-06-01 11:52:49','what is your college time','',''),(78,'college time','','','2021-06-01 11:52:50','','','bot:ndmvp'),(79,'','','','2021-06-01 11:52:49','what is your college time','',''),(80,'college time','','','2021-06-01 11:52:50','','','bot:ndmvp'),(81,'','','','2021-06-01 11:52:49','what is your college time','',''),(82,'','','','2021-06-01 11:52:49','what is your college time','',''),(83,'college time','','','2021-06-01 11:52:50','','','bot:ndmvp'),(84,'college time','','','2021-06-01 11:52:50','','','bot:ndmvp'),(85,'','','','2021-06-01 11:52:49','college time','',''),(86,'college time','','','2021-06-01 11:52:50','','','bot:ndmvp'),(87,'','','','2021-06-01 11:52:50','college time','',''),(88,'what is your college time','','','2021-06-01 11:52:51','','','bot:ndmvp'),(89,'','','','2021-06-01 11:52:50','college time','',''),(90,'what is your college time','','','2021-06-01 11:52:51','','','bot:ndmvp'),(91,'','','','2021-06-01 11:52:50','college time','',''),(92,'what is your college time','','','2021-06-01 11:52:51','','','bot:ndmvp'),(93,'','','','2021-06-01 11:52:51','what is your college time','',''),(94,'what is your college time','','','2021-06-01 11:52:51','','','bot:ndmvp'),(95,'','','','2021-06-01 11:52:50','college time','',''),(96,'what is your college time','','','2021-06-01 11:52:51','','','bot:ndmvp'),(97,'','','','2021-06-01 11:52:50','college time','',''),(98,'what is your college time','','','2021-06-01 11:52:51','','','bot:ndmvp'),(99,'','','','2021-06-01 11:52:51','what is your college time','',''),(100,'','','','2021-06-01 11:52:51','what is your college time','',''),(101,'what is your college time','','','2021-06-01 11:52:52','','','bot:ndmvp'),(102,'college time','','','2021-06-01 11:52:52','','','bot:ndmvp'),(103,'','','','2021-06-01 11:52:51','what is your college time','',''),(104,'college time','','','2021-06-01 11:52:52','','','bot:ndmvp'),(105,'','','','2021-06-01 11:52:52','what is your college time','',''),(106,'college time','','','2021-06-01 11:52:52','','','bot:ndmvp'),(107,'','','','2021-06-01 11:52:51','what is your college time','',''),(108,'college time','','','2021-06-01 11:52:52','','','bot:ndmvp'),(109,'','','','2021-06-01 11:52:52','college time','',''),(110,'college time','','','2021-06-01 11:52:52','','','bot:ndmvp'),(111,'','','','2021-06-01 11:52:52','college time','',''),(112,'','','','2021-06-01 11:52:52','college time','',''),(113,'what is your college time','','','2021-06-01 11:52:53','','','bot:ndmvp'),(114,'what is your college time','','','2021-06-01 11:52:53','','','bot:ndmvp'),(115,'','','','2021-06-01 11:52:52','college time','',''),(116,'what is your college time','','','2021-06-01 11:52:53','','','bot:ndmvp'),(117,'','','','2021-06-01 11:52:52','college time','',''),(118,'what is your college time','','','2021-06-01 11:52:53','','','bot:ndmvp'),(119,'','','','2021-06-01 11:52:52','college time','',''),(120,'what is your college time','','','2021-06-01 11:52:53','','','bot:ndmvp'),(121,'','','','2021-06-01 11:52:53','what is your college time','',''),(122,'what is your college time','','','2021-06-01 11:52:53','','','bot:ndmvp'),(123,'','','','2021-06-01 11:52:53','what is your college time','',''),(124,'college time','','','2021-06-01 11:52:54','','','bot:ndmvp'),(125,'','','','2021-06-01 11:52:53','what is your college time','',''),(126,'college time','','','2021-06-01 11:52:54','','','bot:ndmvp'),(127,'','','','2021-06-01 11:52:53','what is your college time','',''),(128,'college time','','','2021-06-01 11:52:54','','','bot:ndmvp'),(129,'','','','2021-06-01 11:52:54','what is your college time','',''),(130,'college time','','','2021-06-01 11:52:54','','','bot:ndmvp'),(131,'','','','2021-06-01 11:52:54','what is your college time','',''),(132,'college time','','','2021-06-01 11:52:54','','','bot:ndmvp'),(133,'','','','2021-06-01 11:52:54','what is your college time','',''),(134,'college time','','','2021-06-01 11:52:55','','','bot:ndmvp'),(135,'','','','2021-06-01 11:52:54','college time','',''),(136,'what is your college time','','','2021-06-01 11:52:55','','','bot:ndmvp'),(137,'','','','2021-06-01 11:52:54','what is your college time','',''),(138,'what is your college time','','','2021-06-01 11:52:55','','','bot:ndmvp'),(139,'','','','2021-06-01 11:52:54','college time','',''),(140,'what is your college time','','','2021-06-01 11:52:55','','','bot:ndmvp'),(141,'','','','2021-06-01 11:52:55','college time','',''),(142,'what is your college time','','','2021-06-01 11:52:56','','','bot:ndmvp'),(143,'','','','2021-06-01 11:52:55','what is your college time','',''),(144,'what is your college time','','','2021-06-01 11:52:56','','','bot:ndmvp'),(145,'','','','2021-06-01 11:52:55','what is your college time','',''),(146,'what is your college time','','','2021-06-01 11:52:56','','','bot:ndmvp'),(147,'','','','2021-06-01 11:52:56','what is your college time','',''),(148,'college time','','','2021-06-01 11:52:57','','','bot:ndmvp'),(149,'','','','2021-06-01 11:52:56','what is your college time','',''),(150,'','','','2021-06-01 11:52:56','what is your college time','',''),(151,'college time','','','2021-06-01 11:52:57','','','bot:ndmvp'),(152,'college time','','','2021-06-01 11:52:57','','','bot:ndmvp'),(153,'','','','2021-06-01 11:52:56','college time','',''),(154,'college time','','','2021-06-01 11:52:57','','','bot:ndmvp'),(155,'','','','2021-06-01 11:52:56','college time','',''),(156,'college time','','','2021-06-01 11:52:58','','','bot:ndmvp'),(157,'','','','2021-06-01 11:52:57','college time','',''),(158,'college time','','','2021-06-01 11:52:58','','','bot:ndmvp'),(159,'','','','2021-06-01 11:52:57','college time','',''),(160,'what is your college time','','','2021-06-01 11:52:58','','','bot:ndmvp'),(161,'','','','2021-06-01 11:52:57','college time','',''),(162,'what is your college time','','','2021-06-01 11:52:58','','','bot:ndmvp'),(163,'','','','2021-06-01 11:52:57','college time','',''),(164,'what is your college time','','','2021-06-01 11:52:59','','','bot:ndmvp'),(165,'','','','2021-06-01 11:52:58','college time','',''),(166,'what is your college time','','','2021-06-01 11:52:59','','','bot:ndmvp'),(167,'','','','2021-06-01 11:52:58','what is your college time','',''),(168,'what is your college time','','','2021-06-01 11:52:59','','','bot:ndmvp'),(169,'','','','2021-06-01 11:52:58','what is your college time','',''),(170,'what is your college time','','','2021-06-01 11:52:59','','','bot:ndmvp'),(171,'','','','2021-06-01 11:52:59','what is your college time','',''),(172,'what is your college time','','','2021-06-01 11:53:00','','','bot:ndmvp'),(173,'','','','2021-06-01 11:52:59','what is your college time','',''),(174,'college time','','','2021-06-01 11:53:00','','','bot:ndmvp'),(175,'','','','2021-06-01 11:52:59','what is your college time','',''),(176,'college time','','','2021-06-01 11:53:01','','','bot:ndmvp'),(177,'','','','2021-06-01 11:52:59','what is your college time','',''),(178,'college time','','','2021-06-01 11:53:01','','','bot:ndmvp'),(179,'','','','2021-06-01 11:53:00','what is your college time','',''),(180,'','','','2021-06-01 11:53:00','college time','',''),(181,'college time','','','2021-06-01 11:53:01','','','bot:ndmvp'),(182,'college time','','','2021-06-01 11:53:01','','','bot:ndmvp'),(183,'','','','2021-06-01 11:53:01','college time','',''),(184,'college time','','','2021-06-01 11:53:02','','','bot:ndmvp'),(185,'','','','2021-06-01 11:53:01','what is your college time','',''),(186,'','','','2021-06-01 11:53:01','college time','',''),(187,'what is your college time','','','2021-06-01 11:53:02','','','bot:ndmvp'),(188,'what is your college time','','','2021-06-01 11:53:02','','','bot:ndmvp'),(189,'','','','2021-06-01 11:53:01','college time','',''),(190,'what is your college time','','','2021-06-01 11:53:02','','','bot:ndmvp'),(191,'','','','2021-06-01 11:53:02','what is your college time','',''),(192,'','','','2021-06-01 11:53:02','what is your college time','',''),(193,'what is your college time','','','2021-06-01 11:53:03','','','bot:ndmvp'),(194,'','','','2021-06-01 11:53:03','what is your college time','',''),(195,'','','','2021-06-01 11:53:03','what is your college time','',''),(196,'','','','2021-06-01 11:53:03','what is your college time','',''),(197,'','','','2021-06-01 11:53:03','what is your college time','',''),(198,'what is your college time','','','2021-06-01 11:53:03','','','bot:ndmvp'),(199,'12pm','','','2021-06-01 11:53:04','','','bot:ndmvp'),(200,'12pm','','','2021-06-01 11:53:04','','','bot:ndmvp'),(201,'12pm','','','2021-06-01 11:53:04','','','bot:ndmvp'),(202,'12pm','','','2021-06-01 11:53:04','','','bot:ndmvp'),(203,'','','','2021-06-01 11:53:04','12pm','',''),(204,'college time','','','2021-06-01 11:53:05','','','bot:ndmvp'),(205,'','','','2021-06-01 11:53:04','12pm','',''),(206,'college time','','','2021-06-01 11:53:05','','','bot:ndmvp'),(207,'','','','2021-06-01 11:53:04','12pm','',''),(208,'college time','','','2021-06-01 11:53:05','','','bot:ndmvp'),(209,'','','','2021-06-01 11:53:04','12pm','',''),(210,'college time','','','2021-06-01 11:53:05','','','bot:ndmvp'),(211,'','','','2021-06-01 11:53:04','12pm','',''),(212,'college time','','','2021-06-01 11:53:06','','','bot:ndmvp'),(213,'','','','2021-06-01 11:53:04','12pm','',''),(214,'college time','','','2021-06-01 11:53:06','','','bot:ndmvp'),(215,'','','','2021-06-01 11:53:06','college time','',''),(216,'what is your college time','','','2021-06-01 11:53:08','','','bot:ndmvp'),(217,'','','','2021-06-01 11:53:06','college time','',''),(218,'','','','2021-06-01 11:53:06','college time','',''),(219,'what is your college time','','','2021-06-01 11:53:08','','','bot:ndmvp'),(220,'what is your college time','','','2021-06-01 11:53:08','','','bot:ndmvp'),(221,'','','','2021-06-01 11:53:07','college time','',''),(222,'what is your college time','','','2021-06-01 11:53:09','','','bot:ndmvp'),(223,'','','','2021-06-01 11:53:06','college time','',''),(224,'what is your college time','','','2021-06-01 11:53:09','','','bot:ndmvp'),(225,'','','','2021-06-01 11:53:07','college time','',''),(226,'what is your college time','','','2021-06-01 11:53:09','','','bot:ndmvp'),(227,'','','','2021-06-01 11:53:09','what is your college time','',''),(228,'college time','','','2021-06-01 11:53:10','','','bot:ndmvp'),(229,'','','','2021-06-01 11:53:09','what is your college time','',''),(230,'college time','','','2021-06-01 11:53:10','','','bot:ndmvp'),(231,'','','','2021-06-01 11:53:09','what is your college time','',''),(232,'college time','','','2021-06-01 11:53:10','','','bot:ndmvp'),(233,'','','','2021-06-01 11:53:09','what is your college time','',''),(234,'college time','','','2021-06-01 11:53:10','','','bot:ndmvp'),(235,'college time','NN:case','','2021-06-01 12:24:23','college time','',''),(236,'college time','','','2021-06-01 12:24:23','college time','','bot:ndmvp'),(237,'what is your college time','PRP$:body NN:case','','2021-06-01 12:41:53','college time','',''),(238,'','','','2021-06-01 12:41:54','what is your college time','','bot:ndmvp'),(239,'what is your college time','PRP$:body NN:case','','2021-06-01 12:41:57','what is your college time','',''),(240,'what is your college time','','','2021-06-01 12:41:58','what is your college time','','bot:ndmvp'),(241,'what is your college time','PRP$:body NN:case','','2021-06-01 12:42:00','what is your college time','',''),(242,'','','','2021-06-01 12:42:00','what is your college time','','bot:ndmvp'),(243,'Hello','hello','training','2021-06-01 23:32:49',NULL,'',''),(244,'Hi','hi','training','2021-06-01 23:32:49','Hello','hello',''),(245,'Hi','hi','training','2021-06-01 23:32:49',NULL,'',''),(246,'Hello','hello','training','2021-06-01 23:32:49','Hi','hi',''),(247,'Greetings!','greetings','training','2021-06-01 23:32:49',NULL,'',''),(248,'Hello','hello','training','2021-06-01 23:32:49','Greetings!','greetings',''),(249,'Hello','hello','training','2021-06-01 23:32:49',NULL,'',''),(250,'Greetings!','greetings','training','2021-06-01 23:32:49','Hello','hello',''),(251,'Hi, How is it going?','PRP:going','training','2021-06-01 23:32:50',NULL,'',''),(252,'Good','good','training','2021-06-01 23:32:50','Hi, How is it going?','PRP:going',''),(253,'Hi, How is it going?','PRP:going','training','2021-06-01 23:32:50',NULL,'',''),(254,'Fine','fine','training','2021-06-01 23:32:50','Hi, How is it going?','PRP:going',''),(255,'Hi, How is it going?','PRP:going','training','2021-06-01 23:32:50',NULL,'',''),(256,'Okay','okay','training','2021-06-01 23:32:50','Hi, How is it going?','PRP:going',''),(257,'Hi, How is it going?','PRP:going','training','2021-06-01 23:32:50',NULL,'',''),(258,'Great','great','training','2021-06-01 23:32:50','Hi, How is it going?','PRP:going',''),(259,'Hi, How is it going?','PRP:going','training','2021-06-01 23:32:50',NULL,'',''),(260,'Could be better.','VB:better','training','2021-06-01 23:32:50','Hi, How is it going?','PRP:going',''),(261,'Hi, How is it going?','PRP:going','training','2021-06-01 23:32:50',NULL,'',''),(262,'Not so great.','RB:great','training','2021-06-01 23:32:50','Hi, How is it going?','PRP:going',''),(263,'How are you doing?','WRB:are VBP:you PRP:doing','training','2021-06-01 23:32:50',NULL,'',''),(264,'Good.','good','training','2021-06-01 23:32:50','How are you doing?','WRB:are VBP:you PRP:doing',''),(265,'How are you doing?','WRB:are VBP:you PRP:doing','training','2021-06-01 23:32:50',NULL,'',''),(266,'Very well, thanks.','RB:well, JJ:acknowledgment','training','2021-06-01 23:32:50','How are you doing?','WRB:are VBP:you PRP:doing',''),(267,'How are you doing?','WRB:are VBP:you PRP:doing','training','2021-06-01 23:32:50',NULL,'',''),(268,'Fine, and you?','NNP:and CC:you','training','2021-06-01 23:32:50','How are you doing?','WRB:are VBP:you PRP:doing',''),(269,'Nice to meet you.','TO:meet','training','2021-06-01 23:32:51',NULL,'',''),(270,'Thank you.','NN:you','training','2021-06-01 23:32:51','Nice to meet you.','TO:meet',''),(271,'How do you do?','WRB:do VB:you PRP:do','training','2021-06-01 23:32:51',NULL,'',''),(272,'I\'m doing well.','VBG:well','training','2021-06-01 23:32:51','How do you do?','WRB:do VB:you PRP:do',''),(273,'How do you do?','WRB:do VB:you PRP:do','training','2021-06-01 23:32:51',NULL,'',''),(274,'I\'m doing well. How are you?','VBG:well','training','2021-06-01 23:32:51','How do you do?','WRB:do VB:you PRP:do',''),(275,'Hi, nice to meet you.','NNP:nice TO:meet','training','2021-06-01 23:32:51',NULL,'',''),(276,'Thank you. You too.','NN:you PRP:you PRP:too','training','2021-06-01 23:32:51','Hi, nice to meet you.','NNP:nice TO:meet',''),(277,'It is a pleasure to meet you.','DT:feeling TO:meet','training','2021-06-01 23:32:51',NULL,'',''),(278,'Thank you. You too.','NN:you PRP:you PRP:too','training','2021-06-01 23:32:51','It is a pleasure to meet you.','DT:feeling TO:meet',''),(279,'Top of the morning to you!','DT:time_period','training','2021-06-01 23:32:51',NULL,'',''),(280,'Thank you kindly.','PRP:kindly','training','2021-06-01 23:32:51','Top of the morning to you!','DT:time_period',''),(281,'Top of the morning to you!','DT:time_period','training','2021-06-01 23:32:51',NULL,'',''),(282,'And the rest of the day to you.','DT:part DT:time_unit','training','2021-06-01 23:32:51','Top of the morning to you!','DT:time_period',''),(283,'What\'s up?','NNP:up','training','2021-06-01 23:32:51',NULL,'',''),(284,'Not much.','RB:much','training','2021-06-01 23:32:51','What\'s up?','NNP:up',''),(285,'What\'s up?','NNP:up','training','2021-06-01 23:32:51',NULL,'',''),(286,'Not too much.','RB:much','training','2021-06-01 23:32:51','What\'s up?','NNP:up',''),(287,'What\'s up?','NNP:up','training','2021-06-01 23:32:51',NULL,'',''),(288,'Not much, how about you?','RB:much,','training','2021-06-01 23:32:51','What\'s up?','NNP:up',''),(289,'What\'s up?','NNP:up','training','2021-06-01 23:32:51',NULL,'',''),(290,'Nothing much.','NN:much','training','2021-06-01 23:32:51','What\'s up?','NNP:up',''),(291,'What\'s up?','NNP:up','training','2021-06-01 23:32:51',NULL,'',''),(292,'The sky\'s up but I\'m fine thanks. What about you?','DT:sky\'s CC:i\'m NNP:fine JJ:acknowledgment','training','2021-06-01 23:32:51','What\'s up?','NNP:up',''),(293,'Good morning, how are you?','JJ:morning,','training','2021-06-01 23:32:52',NULL,'',''),(294,'I am doing well, how about you?','VBG:well,','training','2021-06-01 23:32:52','Good morning, how are you?','JJ:morning,',''),(295,'I\'m also good.','NNP:also RB:good','training','2021-06-01 23:32:52','I am doing well, how about you?','VBG:well,',''),(296,'That\'s good to hear.','RB:good TO:perceive','training','2021-06-01 23:32:52','I\'m also good.','NNP:also RB:good',''),(297,'Yes it is.','UH:it PRP:is','training','2021-06-01 23:32:52','That\'s good to hear.','RB:good TO:perceive',''),(298,'Hello','hello','training','2021-06-01 23:32:52',NULL,'',''),(299,'Hi','hi','training','2021-06-01 23:32:52','Hello','hello',''),(300,'How are you doing?','WRB:are VBP:you PRP:doing','training','2021-06-01 23:32:52','Hi','hi',''),(301,'I am doing well.','VBG:well','training','2021-06-01 23:32:52','How are you doing?','WRB:are VBP:you PRP:doing',''),(302,'That is good to hear','VBZ:good TO:perceive','training','2021-06-01 23:32:52','I am doing well.','VBG:well',''),(303,'Yes it is.','UH:it PRP:is','training','2021-06-01 23:32:52','That is good to hear','VBZ:good TO:perceive',''),(304,'Can I help you with anything?','PRP:support IN:anything','training','2021-06-01 23:32:52','Yes it is.','UH:it PRP:is',''),(305,'Yes, I have a question.','DT:questioning','training','2021-06-01 23:32:52','Can I help you with anything?','PRP:support IN:anything',''),(306,'What is your question?','PRP$:questioning','training','2021-06-01 23:32:52','Yes, I have a question.','DT:questioning',''),(307,'Could I borrow a cup of sugar?','PRP:get DT:container IN:sweetening','training','2021-06-01 23:32:52','What is your question?','PRP$:questioning',''),(308,'I\'m sorry, but I don\'t have any.','NNP:sorry,','training','2021-06-01 23:32:52','Could I borrow a cup of sugar?','PRP:get DT:container IN:sweetening',''),(309,'Thank you anyway','PRP:anyway','training','2021-06-01 23:32:52','I\'m sorry, but I don\'t have any.','NNP:sorry,',''),(310,'No problem','DT:difficulty','training','2021-06-01 23:32:52','Thank you anyway','PRP:anyway',''),(311,'How are you doing?','WRB:are VBP:you PRP:doing','training','2021-06-01 23:32:52',NULL,'',''),(312,'I am doing well, how about you?','VBG:well,','training','2021-06-01 23:32:52','How are you doing?','WRB:are VBP:you PRP:doing',''),(313,'I am also good.','VBP:also RB:good','training','2021-06-01 23:32:52','I am doing well, how about you?','VBG:well,',''),(314,'That\'s good.','RB:good','training','2021-06-01 23:32:52','I am also good.','VBP:also RB:good',''),(315,'Have you heard the news?','PRP:perceive DT:information','training','2021-06-01 23:32:52',NULL,'',''),(316,'What good news?','WP:good JJ:information','training','2021-06-01 23:32:52','Have you heard the news?','PRP:perceive DT:information',''),(317,'What is your favorite book?','PRP$:favorite JJ:publication','training','2021-06-01 23:32:52',NULL,'',''),(318,'I can\'t read.','PRP:can\'t VBP:interpret','training','2021-06-01 23:32:52','What is your favorite book?','PRP$:favorite JJ:publication',''),(319,'So what\'s your favorite color?','RB:what\'s PRP$:favorite JJ:visual_property','training','2021-06-01 23:32:52','I can\'t read.','PRP:can\'t VBP:interpret',''),(320,'Blue','blue','training','2021-06-01 23:32:52','So what\'s your favorite color?','RB:what\'s PRP$:favorite JJ:visual_property',''),(321,'Who are you?','WP:are VBP:you','training','2021-06-01 23:32:52',NULL,'',''),(322,'Who? Who is but a form following the function of what','DT:word NN:travel DT:mathematical_relation','training','2021-06-01 23:32:52','Who are you?','WP:are VBP:you',''),(323,'What are you then?','WP:are VBP:you PRP:then','training','2021-06-01 23:32:52','Who? Who is but a form following the function of what','DT:word NN:travel DT:mathematical_relation',''),(324,'A man in a mask.','DT:adult DT:covering','training','2021-06-01 23:32:52','What are you then?','WP:are VBP:you PRP:then',''),(325,'I can see that.','MD:perceive','training','2021-06-01 23:32:52','A man in a mask.','DT:adult DT:covering',''),(326,'It\'s not your powers of observation I doubt, but merely the paradoxical nature of asking a masked man who is. But tell me, do you like music?','PRP$:quality IN:measurement PRP:doubt, CC:merely DT:paradoxical JJ:quality IN:communicate DT:masked JJ:adult CC:express VB:me, PRP:kind IN:auditory_communication','training','2021-06-01 23:32:52','I can see that.','MD:perceive',''),(327,'I like seeing movies.','PRP:desire VBP:perceive VBG:product','training','2021-06-01 23:32:52','It\'s not your powers of observation I doubt, but merely the paradoxical nature of asking a masked man who is. But tell me, do you like music?','PRP$:quality IN:measurement PRP:doubt, CC:merely DT:paradoxical JJ:quality IN:communicate DT:masked JJ:adult CC:express VB:me, PRP:kind IN:auditory_communication',''),(328,'What kind of movies do you like?','WP:category IN:product PRP:kind','training','2021-06-01 23:32:52','I like seeing movies.','PRP:desire VBP:perceive VBG:product',''),(329,'Alice in Wonderland','IN:land','training','2021-06-01 23:32:52','What kind of movies do you like?','WP:category IN:product PRP:kind',''),(330,'I wish I was The Mad Hatter.','PRP:desire DT:mad NNP:maker','training','2021-06-01 23:32:52','Alice in Wonderland','IN:land',''),(331,'You\'re entirely bonkers. But I\'ll tell you a secret. All the best people are.','NNP:entirely RB:bonkers CC:i\'ll NNP:express DT:secret DT:best JJS:group','training','2021-06-01 23:32:52','I wish I was The Mad Hatter.','PRP:desire DT:mad NNP:maker',''),(332,'I am working on a project','VBP:working DT:work','training','2021-06-01 23:32:52',NULL,'',''),(333,'What are you working on?','PRP:working','training','2021-06-01 23:32:52','I am working on a project','VBP:working DT:work',''),(334,'I am baking a cake.','VBP:cook DT:block','training','2021-06-01 23:32:52','What are you working on?','PRP:working',''),(335,'The cake is a lie.','DT:block DT:falsehood','training','2021-06-01 23:32:52',NULL,'',''),(336,'No it is not. The cake is delicious.','DT:block VBZ:delicious','training','2021-06-01 23:32:52','The cake is a lie.','DT:block DT:falsehood',''),(337,'What else is delicious?','WP:else VBZ:delicious','training','2021-06-01 23:32:52','No it is not. The cake is delicious.','DT:block VBZ:delicious',''),(338,'Nothing','nothing','training','2021-06-01 23:32:52','What else is delicious?','WP:else VBZ:delicious',''),(339,'Or something','CC:something','training','2021-06-01 23:32:52','Nothing','nothing',''),(340,'Tell me about your self.','PRP$:consciousness','training','2021-06-01 23:32:52','Or something','CC:something',''),(341,'What do you want to know?','PRP:want TO:know','training','2021-06-01 23:32:52','Tell me about your self.','PRP$:consciousness',''),(342,'Are you a robot?','DT:mechanism','training','2021-06-01 23:32:52','What do you want to know?','PRP:want TO:know',''),(343,'Yes I am.','UH:i PRP:am','training','2021-06-01 23:32:52','Are you a robot?','DT:mechanism',''),(344,'What is it like?','PRP:kind','training','2021-06-01 23:32:52','Yes I am.','UH:i PRP:am',''),(345,'What is it that you want to know?','PRP:want TO:know','training','2021-06-01 23:32:52','What is it like?','PRP:kind',''),(346,'How do you work?','PRP:work','training','2021-06-01 23:32:52','What is it that you want to know?','PRP:want TO:know',''),(347,'Its complicated.','PRP$:change','training','2021-06-01 23:32:52','How do you work?','PRP:work',''),(348,'Complex is better than complicated.','VBZ:better IN:change','training','2021-06-01 23:32:52','Its complicated.','PRP$:change',''),(349,'Complex is better than complicated.','VBZ:better IN:change','training','2021-06-01 23:32:52',NULL,'',''),(350,'Simple is better than complex.','VBZ:better IN:complex','training','2021-06-01 23:32:52','Complex is better than complicated.','VBZ:better IN:change',''),(351,'In the face of ambiguity, refuse the temptation to guess.','DT:external_body_part IN:ambiguity, NN:react DT:influence TO:expect','training','2021-06-01 23:32:52','Simple is better than complex.','VBZ:better IN:complex',''),(352,'It seems your familiar with the Zen of Python','PRP:be PRP$:familiar DT:buddhism IN:boa','training','2021-06-01 23:32:52','In the face of ambiguity, refuse the temptation to guess.','DT:external_body_part IN:ambiguity, NN:react DT:influence TO:expect',''),(353,'I am.','PRP:am','training','2021-06-01 23:32:52','It seems your familiar with the Zen of Python','PRP:be PRP$:familiar DT:buddhism IN:boa',''),(354,'Do you know all of it?','PRP:know','training','2021-06-01 23:32:52','I am.','PRP:am',''),(355,'Beautiful is better than ugly.','VBZ:better IN:ugly','training','2021-06-01 23:32:52','Do you know all of it?','PRP:know',''),(356,'Explicit is better than implicit.','VBZ:better IN:implicit','training','2021-06-01 23:32:52','Beautiful is better than ugly.','VBZ:better IN:ugly',''),(357,'Simple is better than complex.','VBZ:better IN:complex','training','2021-06-01 23:32:52','Explicit is better than implicit.','VBZ:better IN:implicit',''),(358,'Complex is better than complicated.','VBZ:better IN:change','training','2021-06-01 23:32:52','Simple is better than complex.','VBZ:better IN:complex',''),(359,'Flat is better than nested.','VBZ:better IN:nested','training','2021-06-01 23:32:52','Complex is better than complicated.','VBZ:better IN:change',''),(360,'Sparse is better than dense.','VBZ:better IN:dense','training','2021-06-01 23:32:52','Flat is better than nested.','VBZ:better IN:nested',''),(361,'Readability counts.','NN:number','training','2021-06-01 23:32:52','Sparse is better than dense.','VBZ:better IN:dense',''),(362,'Special cases aren\'t special enough to break the rules.','JJ:happening VBP:special JJ:enough TO:end DT:concept','training','2021-06-01 23:32:52','Readability counts.','NN:number',''),(363,'Although practicality beats purity.','IN:utility NN:youth_subculture NNS:condition','training','2021-06-01 23:32:52','Special cases aren\'t special enough to break the rules.','JJ:happening VBP:special JJ:enough TO:end DT:concept',''),(364,'Errors should never pass silently.','MD:never RB:travel VB:silently','training','2021-06-01 23:32:52','Although practicality beats purity.','IN:utility NN:youth_subculture NNS:condition',''),(365,'Unless explicitly silenced.','IN:explicitly RB:suppress','training','2021-06-01 23:32:52','Errors should never pass silently.','MD:never RB:travel VB:silently',''),(366,'In the face of ambiguity, refuse the temptation to guess.','DT:external_body_part IN:ambiguity, NN:react DT:influence TO:expect','training','2021-06-01 23:32:52','Unless explicitly silenced.','IN:explicitly RB:suppress',''),(367,'There should be one-- and preferably only one --obvious way to do it.','VB:one-- CC:preferably RB:digit CD:--obvious JJ:property','training','2021-06-01 23:32:52','In the face of ambiguity, refuse the temptation to guess.','DT:external_body_part IN:ambiguity, NN:react DT:influence TO:expect',''),(368,'Although that way may not be obvious at first unless you\'re Dutch.','DT:property NN:gregorian_calendar_month VB:obvious IN:first JJ:unless NN:nation','training','2021-06-01 23:32:52','There should be one-- and preferably only one --obvious way to do it.','VB:one-- CC:preferably RB:digit CD:--obvious JJ:property',''),(369,'Now is better than never.','VBZ:better IN:never','training','2021-06-01 23:32:52','Although that way may not be obvious at first unless you\'re Dutch.','DT:property NN:gregorian_calendar_month VB:obvious IN:first JJ:unless NN:nation',''),(370,'Although never is often better than right now.','IN:never VBZ:often RB:better IN:right','training','2021-06-01 23:32:52','Now is better than never.','VBZ:better IN:never',''),(371,'If the implementation is hard to explain, it\'s a bad idea.','DT:enforcement VBZ:hard TO:explain, DT:bad JJ:content','training','2021-06-01 23:32:52','Although never is often better than right now.','IN:never VBZ:often RB:better IN:right',''),(372,'If the implementation is easy to explain, it may be a good idea.','DT:enforcement VBZ:easy TO:explain, PRP:gregorian_calendar_month DT:good JJ:content','training','2021-06-01 23:32:52','If the implementation is hard to explain, it\'s a bad idea.','DT:enforcement VBZ:hard TO:explain, DT:bad JJ:content',''),(373,'Namespaces are one honking great idea. Let\'s do more of those!','VBP:digit CD:sound VBG:great JJ:content NN:let\'s','training','2021-06-01 23:32:52','If the implementation is easy to explain, it may be a good idea.','DT:enforcement VBZ:easy TO:explain, PRP:gregorian_calendar_month DT:good JJ:content',''),(374,'I agree.','PRP:agree','training','2021-06-01 23:32:52','Namespaces are one honking great idea. Let\'s do more of those!','VBP:digit CD:sound VBG:great JJ:content NN:let\'s',''),(375,'Are you a programmer?','DT:computer_user','training','2021-06-01 23:32:52',NULL,'',''),(376,'Of course I am a programmer.','IN:education DT:computer_user','training','2021-06-01 23:32:52','Are you a programmer?','DT:computer_user',''),(377,'I am indeed.','VBP:indeed','training','2021-06-01 23:32:52','Of course I am a programmer.','IN:education DT:computer_user',''),(378,'What languages do you like to use?','WP:languages PRP:kind TO:use','training','2021-06-01 23:32:52',NULL,'',''),(379,'I use Python, Java and C++ quite often.','PRP:use VBP:python, JJ:java CC:c++ NNP:quite RB:often','training','2021-06-01 23:32:52','What languages do you like to use?','WP:languages PRP:kind TO:use',''),(380,'I use Python quite a bit myself.','PRP:use VBP:boa NNP:quite DT:small_indefinite_quantity','training','2021-06-01 23:32:52','I use Python, Java and C++ quite often.','PRP:use VBP:python, JJ:java CC:c++ NNP:quite RB:often',''),(381,'I\'m not incredibly fond of Java.','RB:incredibly RB:fond IN:java','training','2021-06-01 23:32:52','I use Python quite a bit myself.','PRP:use VBP:boa NNP:quite DT:small_indefinite_quantity',''),(382,'What annoys you?','WP:displease','training','2021-06-01 23:32:52',NULL,'',''),(383,'A lot of things, like all the other digits other than 0 and 1.','DT:large_indefinite_quantity IN:things, NNS:kind JJ:digits','training','2021-06-01 23:32:52','What annoys you?','WP:displease',''),(384,'What does YOLO mean?','VBZ:yolo VB:convey','training','2021-06-01 23:32:52',NULL,'',''),(385,'It means you only live once. Where did you hear that?','PRP:convey RB:be PRP:perceive','training','2021-06-01 23:32:52','What does YOLO mean?','VBZ:yolo VB:convey',''),(386,'I heard somebody say it.','PRP:perceive VBD:causal_agent NN:express','training','2021-06-01 23:32:52','It means you only live once. Where did you hear that?','PRP:convey RB:be PRP:perceive',''),(387,'Did I ever live?','PRP:ever RB:be','training','2021-06-01 23:32:52',NULL,'',''),(388,'It depends how you define life','PRP:be PRP:be VBP:being','training','2021-06-01 23:32:52','Did I ever live?','PRP:ever RB:be',''),(389,'Life is the condition that distinguishes organisms from inorganic matter, including the capacity for growth, reproduction, functional activity, and continual change preceding death.','DT:state WDT:identify VBZ:living_thing IN:inorganic JJ:matter, NN:including DT:capability IN:growth, NN:reproduction, VBP:functional JJ:activity, CC:continual JJ:happening NN:preceding VBG:change','training','2021-06-01 23:32:52','It depends how you define life','PRP:be PRP:be VBP:being',''),(390,'Is that a definition or an opinion?','DT:explanation DT:belief','training','2021-06-01 23:32:52','Life is the condition that distinguishes organisms from inorganic matter, including the capacity for growth, reproduction, functional activity, and continual change preceding death.','DT:state WDT:identify VBZ:living_thing IN:inorganic JJ:matter, NN:including DT:capability IN:growth, NN:reproduction, VBP:functional JJ:activity, CC:continual JJ:happening NN:preceding VBG:change',''),(391,'Can I ask you a question?','PRP:communicate DT:questioning','training','2021-06-01 23:32:52',NULL,'',''),(392,'Sure, ask away.','NNP:communicate VBZ:away','training','2021-06-01 23:32:52','Can I ask you a question?','PRP:communicate DT:questioning',''),(393,'What are your hobbies?','PRP$:pastime','training','2021-06-01 23:32:52',NULL,'',''),(394,'Playing Soccer, Painting, Writing are my hobbies. How about you?','VBG:soccer, NNP:painting, NNP:verbal_creation PRP$:pastime','training','2021-06-01 23:32:52','What are your hobbies?','PRP$:pastime',''),(395,'I love to read novels.','PRP:love TO:interpret VB:fiction','training','2021-06-01 23:32:52','Playing Soccer, Painting, Writing are my hobbies. How about you?','VBG:soccer, NNP:painting, NNP:verbal_creation PRP$:pastime',''),(396,'I love exploring my hardware.','PRP:love VBP:investigate PRP$:weaponry','training','2021-06-01 23:32:52','I love to read novels.','PRP:love TO:interpret VB:fiction',''),(397,'How are you?','WRB:are VBP:you','training','2021-06-01 23:32:52',NULL,'',''),(398,'I am doing well.','VBG:well','training','2021-06-01 23:32:52','How are you?','WRB:are VBP:you',''),(399,'What are you?','WP:are VBP:you','training','2021-06-01 23:32:52',NULL,'',''),(400,'I am but a man in a mask.','DT:adult DT:covering','training','2021-06-01 23:32:52','What are you?','WP:are VBP:you',''),(401,'college time','NN:case','','2021-06-01 23:32:52','what is your college time','',''),(402,'','','','2021-06-01 23:32:53','college time','','bot:ndmvp'),(403,'Hello','hello','training','2021-06-01 23:35:14',NULL,'',''),(404,'Hi','hi','training','2021-06-01 23:35:14','Hello','hello',''),(405,'Hi','hi','training','2021-06-01 23:35:14',NULL,'',''),(406,'Hello','hello','training','2021-06-01 23:35:14','Hi','hi',''),(407,'Greetings!','greetings','training','2021-06-01 23:35:14',NULL,'',''),(408,'Hello','hello','training','2021-06-01 23:35:14','Greetings!','greetings',''),(409,'Hello','hello','training','2021-06-01 23:35:14',NULL,'',''),(410,'Greetings!','greetings','training','2021-06-01 23:35:14','Hello','hello',''),(411,'Hi, How is it going?','PRP:going','training','2021-06-01 23:35:15',NULL,'',''),(412,'Good','good','training','2021-06-01 23:35:15','Hi, How is it going?','PRP:going',''),(413,'Hi, How is it going?','PRP:going','training','2021-06-01 23:35:15',NULL,'',''),(414,'Fine','fine','training','2021-06-01 23:35:15','Hi, How is it going?','PRP:going',''),(415,'Hi, How is it going?','PRP:going','training','2021-06-01 23:35:15',NULL,'',''),(416,'Okay','okay','training','2021-06-01 23:35:15','Hi, How is it going?','PRP:going',''),(417,'Hi, How is it going?','PRP:going','training','2021-06-01 23:35:15',NULL,'',''),(418,'Great','great','training','2021-06-01 23:35:15','Hi, How is it going?','PRP:going',''),(419,'Hi, How is it going?','PRP:going','training','2021-06-01 23:35:15',NULL,'',''),(420,'Could be better.','VB:better','training','2021-06-01 23:35:15','Hi, How is it going?','PRP:going',''),(421,'Hi, How is it going?','PRP:going','training','2021-06-01 23:35:15',NULL,'',''),(422,'Not so great.','RB:great','training','2021-06-01 23:35:15','Hi, How is it going?','PRP:going',''),(423,'How are you doing?','WRB:are VBP:you PRP:doing','training','2021-06-01 23:35:15',NULL,'',''),(424,'Good.','good','training','2021-06-01 23:35:15','How are you doing?','WRB:are VBP:you PRP:doing',''),(425,'How are you doing?','WRB:are VBP:you PRP:doing','training','2021-06-01 23:35:15',NULL,'',''),(426,'Very well, thanks.','RB:well, JJ:acknowledgment','training','2021-06-01 23:35:15','How are you doing?','WRB:are VBP:you PRP:doing',''),(427,'How are you doing?','WRB:are VBP:you PRP:doing','training','2021-06-01 23:35:15',NULL,'',''),(428,'Fine, and you?','NNP:and CC:you','training','2021-06-01 23:35:15','How are you doing?','WRB:are VBP:you PRP:doing',''),(429,'Nice to meet you.','TO:meet','training','2021-06-01 23:35:15',NULL,'',''),(430,'Thank you.','NN:you','training','2021-06-01 23:35:15','Nice to meet you.','TO:meet',''),(431,'How do you do?','WRB:do VB:you PRP:do','training','2021-06-01 23:35:15',NULL,'',''),(432,'I\'m doing well.','VBG:well','training','2021-06-01 23:35:15','How do you do?','WRB:do VB:you PRP:do',''),(433,'How do you do?','WRB:do VB:you PRP:do','training','2021-06-01 23:35:15',NULL,'',''),(434,'I\'m doing well. How are you?','VBG:well','training','2021-06-01 23:35:15','How do you do?','WRB:do VB:you PRP:do',''),(435,'Hi, nice to meet you.','NNP:nice TO:meet','training','2021-06-01 23:35:15',NULL,'',''),(436,'Thank you. You too.','NN:you PRP:you PRP:too','training','2021-06-01 23:35:15','Hi, nice to meet you.','NNP:nice TO:meet',''),(437,'It is a pleasure to meet you.','DT:feeling TO:meet','training','2021-06-01 23:35:15',NULL,'',''),(438,'Thank you. You too.','NN:you PRP:you PRP:too','training','2021-06-01 23:35:15','It is a pleasure to meet you.','DT:feeling TO:meet',''),(439,'Top of the morning to you!','DT:time_period','training','2021-06-01 23:35:15',NULL,'',''),(440,'Thank you kindly.','PRP:kindly','training','2021-06-01 23:35:15','Top of the morning to you!','DT:time_period',''),(441,'Top of the morning to you!','DT:time_period','training','2021-06-01 23:35:15',NULL,'',''),(442,'And the rest of the day to you.','DT:part DT:time_unit','training','2021-06-01 23:35:15','Top of the morning to you!','DT:time_period',''),(443,'What\'s up?','NNP:up','training','2021-06-01 23:35:15',NULL,'',''),(444,'Not much.','RB:much','training','2021-06-01 23:35:15','What\'s up?','NNP:up',''),(445,'What\'s up?','NNP:up','training','2021-06-01 23:35:15',NULL,'',''),(446,'Not too much.','RB:much','training','2021-06-01 23:35:15','What\'s up?','NNP:up',''),(447,'What\'s up?','NNP:up','training','2021-06-01 23:35:15',NULL,'',''),(448,'Not much, how about you?','RB:much,','training','2021-06-01 23:35:15','What\'s up?','NNP:up',''),(449,'What\'s up?','NNP:up','training','2021-06-01 23:35:15',NULL,'',''),(450,'Nothing much.','NN:much','training','2021-06-01 23:35:15','What\'s up?','NNP:up',''),(451,'What\'s up?','NNP:up','training','2021-06-01 23:35:15',NULL,'',''),(452,'The sky\'s up but I\'m fine thanks. What about you?','DT:sky\'s CC:i\'m NNP:fine JJ:acknowledgment','training','2021-06-01 23:35:15','What\'s up?','NNP:up',''),(453,'Good morning, how are you?','JJ:morning,','training','2021-06-01 23:35:15',NULL,'',''),(454,'I am doing well, how about you?','VBG:well,','training','2021-06-01 23:35:15','Good morning, how are you?','JJ:morning,',''),(455,'I\'m also good.','NNP:also RB:good','training','2021-06-01 23:35:15','I am doing well, how about you?','VBG:well,',''),(456,'That\'s good to hear.','RB:good TO:perceive','training','2021-06-01 23:35:15','I\'m also good.','NNP:also RB:good',''),(457,'Yes it is.','UH:it PRP:is','training','2021-06-01 23:35:15','That\'s good to hear.','RB:good TO:perceive',''),(458,'Hello','hello','training','2021-06-01 23:35:15',NULL,'',''),(459,'Hi','hi','training','2021-06-01 23:35:15','Hello','hello',''),(460,'How are you doing?','WRB:are VBP:you PRP:doing','training','2021-06-01 23:35:15','Hi','hi',''),(461,'I am doing well.','VBG:well','training','2021-06-01 23:35:15','How are you doing?','WRB:are VBP:you PRP:doing',''),(462,'That is good to hear','VBZ:good TO:perceive','training','2021-06-01 23:35:15','I am doing well.','VBG:well',''),(463,'Yes it is.','UH:it PRP:is','training','2021-06-01 23:35:15','That is good to hear','VBZ:good TO:perceive',''),(464,'Can I help you with anything?','PRP:support IN:anything','training','2021-06-01 23:35:15','Yes it is.','UH:it PRP:is',''),(465,'Yes, I have a question.','DT:questioning','training','2021-06-01 23:35:15','Can I help you with anything?','PRP:support IN:anything',''),(466,'What is your question?','PRP$:questioning','training','2021-06-01 23:35:15','Yes, I have a question.','DT:questioning',''),(467,'Could I borrow a cup of sugar?','PRP:get DT:container IN:sweetening','training','2021-06-01 23:35:15','What is your question?','PRP$:questioning',''),(468,'I\'m sorry, but I don\'t have any.','NNP:sorry,','training','2021-06-01 23:35:15','Could I borrow a cup of sugar?','PRP:get DT:container IN:sweetening',''),(469,'Thank you anyway','PRP:anyway','training','2021-06-01 23:35:15','I\'m sorry, but I don\'t have any.','NNP:sorry,',''),(470,'No problem','DT:difficulty','training','2021-06-01 23:35:15','Thank you anyway','PRP:anyway',''),(471,'How are you doing?','WRB:are VBP:you PRP:doing','training','2021-06-01 23:35:15',NULL,'',''),(472,'I am doing well, how about you?','VBG:well,','training','2021-06-01 23:35:15','How are you doing?','WRB:are VBP:you PRP:doing',''),(473,'I am also good.','VBP:also RB:good','training','2021-06-01 23:35:15','I am doing well, how about you?','VBG:well,',''),(474,'That\'s good.','RB:good','training','2021-06-01 23:35:15','I am also good.','VBP:also RB:good',''),(475,'Have you heard the news?','PRP:perceive DT:information','training','2021-06-01 23:35:15',NULL,'',''),(476,'What good news?','WP:good JJ:information','training','2021-06-01 23:35:15','Have you heard the news?','PRP:perceive DT:information',''),(477,'What is your favorite book?','PRP$:favorite JJ:publication','training','2021-06-01 23:35:15',NULL,'',''),(478,'I can\'t read.','PRP:can\'t VBP:interpret','training','2021-06-01 23:35:15','What is your favorite book?','PRP$:favorite JJ:publication',''),(479,'So what\'s your favorite color?','RB:what\'s PRP$:favorite JJ:visual_property','training','2021-06-01 23:35:15','I can\'t read.','PRP:can\'t VBP:interpret',''),(480,'Blue','blue','training','2021-06-01 23:35:15','So what\'s your favorite color?','RB:what\'s PRP$:favorite JJ:visual_property',''),(481,'Who are you?','WP:are VBP:you','training','2021-06-01 23:35:15',NULL,'',''),(482,'Who? Who is but a form following the function of what','DT:word NN:travel DT:mathematical_relation','training','2021-06-01 23:35:15','Who are you?','WP:are VBP:you',''),(483,'What are you then?','WP:are VBP:you PRP:then','training','2021-06-01 23:35:15','Who? Who is but a form following the function of what','DT:word NN:travel DT:mathematical_relation',''),(484,'A man in a mask.','DT:adult DT:covering','training','2021-06-01 23:35:15','What are you then?','WP:are VBP:you PRP:then',''),(485,'I can see that.','MD:perceive','training','2021-06-01 23:35:15','A man in a mask.','DT:adult DT:covering',''),(486,'It\'s not your powers of observation I doubt, but merely the paradoxical nature of asking a masked man who is. But tell me, do you like music?','PRP$:quality IN:measurement PRP:doubt, CC:merely DT:paradoxical JJ:quality IN:communicate DT:masked JJ:adult CC:express VB:me, PRP:kind IN:auditory_communication','training','2021-06-01 23:35:15','I can see that.','MD:perceive',''),(487,'I like seeing movies.','PRP:desire VBP:perceive VBG:product','training','2021-06-01 23:35:15','It\'s not your powers of observation I doubt, but merely the paradoxical nature of asking a masked man who is. But tell me, do you like music?','PRP$:quality IN:measurement PRP:doubt, CC:merely DT:paradoxical JJ:quality IN:communicate DT:masked JJ:adult CC:express VB:me, PRP:kind IN:auditory_communication',''),(488,'What kind of movies do you like?','WP:category IN:product PRP:kind','training','2021-06-01 23:35:15','I like seeing movies.','PRP:desire VBP:perceive VBG:product',''),(489,'Alice in Wonderland','IN:land','training','2021-06-01 23:35:15','What kind of movies do you like?','WP:category IN:product PRP:kind',''),(490,'I wish I was The Mad Hatter.','PRP:desire DT:mad NNP:maker','training','2021-06-01 23:35:15','Alice in Wonderland','IN:land',''),(491,'You\'re entirely bonkers. But I\'ll tell you a secret. All the best people are.','NNP:entirely RB:bonkers CC:i\'ll NNP:express DT:secret DT:best JJS:group','training','2021-06-01 23:35:15','I wish I was The Mad Hatter.','PRP:desire DT:mad NNP:maker',''),(492,'I am working on a project','VBP:working DT:work','training','2021-06-01 23:35:15',NULL,'',''),(493,'What are you working on?','PRP:working','training','2021-06-01 23:35:15','I am working on a project','VBP:working DT:work',''),(494,'I am baking a cake.','VBP:cook DT:block','training','2021-06-01 23:35:15','What are you working on?','PRP:working',''),(495,'The cake is a lie.','DT:block DT:falsehood','training','2021-06-01 23:35:15',NULL,'',''),(496,'No it is not. The cake is delicious.','DT:block VBZ:delicious','training','2021-06-01 23:35:15','The cake is a lie.','DT:block DT:falsehood',''),(497,'What else is delicious?','WP:else VBZ:delicious','training','2021-06-01 23:35:15','No it is not. The cake is delicious.','DT:block VBZ:delicious',''),(498,'Nothing','nothing','training','2021-06-01 23:35:15','What else is delicious?','WP:else VBZ:delicious',''),(499,'Or something','CC:something','training','2021-06-01 23:35:15','Nothing','nothing',''),(500,'Tell me about your self.','PRP$:consciousness','training','2021-06-01 23:35:15','Or something','CC:something',''),(501,'What do you want to know?','PRP:want TO:know','training','2021-06-01 23:35:15','Tell me about your self.','PRP$:consciousness',''),(502,'Are you a robot?','DT:mechanism','training','2021-06-01 23:35:15','What do you want to know?','PRP:want TO:know',''),(503,'Yes I am.','UH:i PRP:am','training','2021-06-01 23:35:15','Are you a robot?','DT:mechanism',''),(504,'What is it like?','PRP:kind','training','2021-06-01 23:35:15','Yes I am.','UH:i PRP:am',''),(505,'What is it that you want to know?','PRP:want TO:know','training','2021-06-01 23:35:15','What is it like?','PRP:kind',''),(506,'How do you work?','PRP:work','training','2021-06-01 23:35:15','What is it that you want to know?','PRP:want TO:know',''),(507,'Its complicated.','PRP$:change','training','2021-06-01 23:35:15','How do you work?','PRP:work',''),(508,'Complex is better than complicated.','VBZ:better IN:change','training','2021-06-01 23:35:15','Its complicated.','PRP$:change',''),(509,'Complex is better than complicated.','VBZ:better IN:change','training','2021-06-01 23:35:15',NULL,'',''),(510,'Simple is better than complex.','VBZ:better IN:complex','training','2021-06-01 23:35:15','Complex is better than complicated.','VBZ:better IN:change',''),(511,'In the face of ambiguity, refuse the temptation to guess.','DT:external_body_part IN:ambiguity, NN:react DT:influence TO:expect','training','2021-06-01 23:35:15','Simple is better than complex.','VBZ:better IN:complex',''),(512,'It seems your familiar with the Zen of Python','PRP:be PRP$:familiar DT:buddhism IN:boa','training','2021-06-01 23:35:15','In the face of ambiguity, refuse the temptation to guess.','DT:external_body_part IN:ambiguity, NN:react DT:influence TO:expect',''),(513,'I am.','PRP:am','training','2021-06-01 23:35:15','It seems your familiar with the Zen of Python','PRP:be PRP$:familiar DT:buddhism IN:boa',''),(514,'Do you know all of it?','PRP:know','training','2021-06-01 23:35:15','I am.','PRP:am',''),(515,'Beautiful is better than ugly.','VBZ:better IN:ugly','training','2021-06-01 23:35:15','Do you know all of it?','PRP:know',''),(516,'Explicit is better than implicit.','VBZ:better IN:implicit','training','2021-06-01 23:35:15','Beautiful is better than ugly.','VBZ:better IN:ugly',''),(517,'Simple is better than complex.','VBZ:better IN:complex','training','2021-06-01 23:35:15','Explicit is better than implicit.','VBZ:better IN:implicit',''),(518,'Complex is better than complicated.','VBZ:better IN:change','training','2021-06-01 23:35:15','Simple is better than complex.','VBZ:better IN:complex',''),(519,'Flat is better than nested.','VBZ:better IN:nested','training','2021-06-01 23:35:15','Complex is better than complicated.','VBZ:better IN:change',''),(520,'Sparse is better than dense.','VBZ:better IN:dense','training','2021-06-01 23:35:15','Flat is better than nested.','VBZ:better IN:nested',''),(521,'Readability counts.','NN:number','training','2021-06-01 23:35:15','Sparse is better than dense.','VBZ:better IN:dense',''),(522,'Special cases aren\'t special enough to break the rules.','JJ:happening VBP:special JJ:enough TO:end DT:concept','training','2021-06-01 23:35:15','Readability counts.','NN:number',''),(523,'Although practicality beats purity.','IN:utility NN:youth_subculture NNS:condition','training','2021-06-01 23:35:15','Special cases aren\'t special enough to break the rules.','JJ:happening VBP:special JJ:enough TO:end DT:concept',''),(524,'Errors should never pass silently.','MD:never RB:travel VB:silently','training','2021-06-01 23:35:15','Although practicality beats purity.','IN:utility NN:youth_subculture NNS:condition',''),(525,'Unless explicitly silenced.','IN:explicitly RB:suppress','training','2021-06-01 23:35:15','Errors should never pass silently.','MD:never RB:travel VB:silently',''),(526,'In the face of ambiguity, refuse the temptation to guess.','DT:external_body_part IN:ambiguity, NN:react DT:influence TO:expect','training','2021-06-01 23:35:15','Unless explicitly silenced.','IN:explicitly RB:suppress',''),(527,'There should be one-- and preferably only one --obvious way to do it.','VB:one-- CC:preferably RB:digit CD:--obvious JJ:property','training','2021-06-01 23:35:15','In the face of ambiguity, refuse the temptation to guess.','DT:external_body_part IN:ambiguity, NN:react DT:influence TO:expect',''),(528,'Although that way may not be obvious at first unless you\'re Dutch.','DT:property NN:gregorian_calendar_month VB:obvious IN:first JJ:unless NN:nation','training','2021-06-01 23:35:15','There should be one-- and preferably only one --obvious way to do it.','VB:one-- CC:preferably RB:digit CD:--obvious JJ:property',''),(529,'Now is better than never.','VBZ:better IN:never','training','2021-06-01 23:35:15','Although that way may not be obvious at first unless you\'re Dutch.','DT:property NN:gregorian_calendar_month VB:obvious IN:first JJ:unless NN:nation',''),(530,'Although never is often better than right now.','IN:never VBZ:often RB:better IN:right','training','2021-06-01 23:35:15','Now is better than never.','VBZ:better IN:never',''),(531,'If the implementation is hard to explain, it\'s a bad idea.','DT:enforcement VBZ:hard TO:explain, DT:bad JJ:content','training','2021-06-01 23:35:15','Although never is often better than right now.','IN:never VBZ:often RB:better IN:right',''),(532,'If the implementation is easy to explain, it may be a good idea.','DT:enforcement VBZ:easy TO:explain, PRP:gregorian_calendar_month DT:good JJ:content','training','2021-06-01 23:35:15','If the implementation is hard to explain, it\'s a bad idea.','DT:enforcement VBZ:hard TO:explain, DT:bad JJ:content',''),(533,'Namespaces are one honking great idea. Let\'s do more of those!','VBP:digit CD:sound VBG:great JJ:content NN:let\'s','training','2021-06-01 23:35:15','If the implementation is easy to explain, it may be a good idea.','DT:enforcement VBZ:easy TO:explain, PRP:gregorian_calendar_month DT:good JJ:content',''),(534,'I agree.','PRP:agree','training','2021-06-01 23:35:15','Namespaces are one honking great idea. Let\'s do more of those!','VBP:digit CD:sound VBG:great JJ:content NN:let\'s',''),(535,'Are you a programmer?','DT:computer_user','training','2021-06-01 23:35:15',NULL,'',''),(536,'Of course I am a programmer.','IN:education DT:computer_user','training','2021-06-01 23:35:15','Are you a programmer?','DT:computer_user',''),(537,'I am indeed.','VBP:indeed','training','2021-06-01 23:35:15','Of course I am a programmer.','IN:education DT:computer_user',''),(538,'What languages do you like to use?','WP:languages PRP:kind TO:use','training','2021-06-01 23:35:15',NULL,'',''),(539,'I use Python, Java and C++ quite often.','PRP:use VBP:python, JJ:java CC:c++ NNP:quite RB:often','training','2021-06-01 23:35:15','What languages do you like to use?','WP:languages PRP:kind TO:use',''),(540,'I use Python quite a bit myself.','PRP:use VBP:boa NNP:quite DT:small_indefinite_quantity','training','2021-06-01 23:35:15','I use Python, Java and C++ quite often.','PRP:use VBP:python, JJ:java CC:c++ NNP:quite RB:often',''),(541,'I\'m not incredibly fond of Java.','RB:incredibly RB:fond IN:java','training','2021-06-01 23:35:15','I use Python quite a bit myself.','PRP:use VBP:boa NNP:quite DT:small_indefinite_quantity',''),(542,'What annoys you?','WP:displease','training','2021-06-01 23:35:15',NULL,'',''),(543,'A lot of things, like all the other digits other than 0 and 1.','DT:large_indefinite_quantity IN:things, NNS:kind JJ:digits','training','2021-06-01 23:35:15','What annoys you?','WP:displease',''),(544,'What does YOLO mean?','VBZ:yolo VB:convey','training','2021-06-01 23:35:15',NULL,'',''),(545,'It means you only live once. Where did you hear that?','PRP:convey RB:be PRP:perceive','training','2021-06-01 23:35:15','What does YOLO mean?','VBZ:yolo VB:convey',''),(546,'I heard somebody say it.','PRP:perceive VBD:causal_agent NN:express','training','2021-06-01 23:35:15','It means you only live once. Where did you hear that?','PRP:convey RB:be PRP:perceive',''),(547,'Did I ever live?','PRP:ever RB:be','training','2021-06-01 23:35:15',NULL,'',''),(548,'It depends how you define life','PRP:be PRP:be VBP:being','training','2021-06-01 23:35:15','Did I ever live?','PRP:ever RB:be',''),(549,'Life is the condition that distinguishes organisms from inorganic matter, including the capacity for growth, reproduction, functional activity, and continual change preceding death.','DT:state WDT:identify VBZ:living_thing IN:inorganic JJ:matter, NN:including DT:capability IN:growth, NN:reproduction, VBP:functional JJ:activity, CC:continual JJ:happening NN:preceding VBG:change','training','2021-06-01 23:35:15','It depends how you define life','PRP:be PRP:be VBP:being',''),(550,'Is that a definition or an opinion?','DT:explanation DT:belief','training','2021-06-01 23:35:15','Life is the condition that distinguishes organisms from inorganic matter, including the capacity for growth, reproduction, functional activity, and continual change preceding death.','DT:state WDT:identify VBZ:living_thing IN:inorganic JJ:matter, NN:including DT:capability IN:growth, NN:reproduction, VBP:functional JJ:activity, CC:continual JJ:happening NN:preceding VBG:change',''),(551,'Can I ask you a question?','PRP:communicate DT:questioning','training','2021-06-01 23:35:15',NULL,'',''),(552,'Sure, ask away.','NNP:communicate VBZ:away','training','2021-06-01 23:35:15','Can I ask you a question?','PRP:communicate DT:questioning',''),(553,'What are your hobbies?','PRP$:pastime','training','2021-06-01 23:35:15',NULL,'',''),(554,'Playing Soccer, Painting, Writing are my hobbies. How about you?','VBG:soccer, NNP:painting, NNP:verbal_creation PRP$:pastime','training','2021-06-01 23:35:15','What are your hobbies?','PRP$:pastime',''),(555,'I love to read novels.','PRP:love TO:interpret VB:fiction','training','2021-06-01 23:35:15','Playing Soccer, Painting, Writing are my hobbies. How about you?','VBG:soccer, NNP:painting, NNP:verbal_creation PRP$:pastime',''),(556,'I love exploring my hardware.','PRP:love VBP:investigate PRP$:weaponry','training','2021-06-01 23:35:15','I love to read novels.','PRP:love TO:interpret VB:fiction',''),(557,'How are you?','WRB:are VBP:you','training','2021-06-01 23:35:15',NULL,'',''),(558,'I am doing well.','VBG:well','training','2021-06-01 23:35:15','How are you?','WRB:are VBP:you',''),(559,'What are you?','WP:are VBP:you','training','2021-06-01 23:35:15',NULL,'',''),(560,'I am but a man in a mask.','DT:adult DT:covering','training','2021-06-01 23:35:15','What are you?','WP:are VBP:you',''),(561,'Hello','hello','training','2021-06-01 23:38:41',NULL,'',''),(562,'Hi','hi','training','2021-06-01 23:38:41','Hello','hello',''),(563,'Hi','hi','training','2021-06-01 23:38:41',NULL,'',''),(564,'Hello','hello','training','2021-06-01 23:38:41','Hi','hi',''),(565,'Greetings!','greetings','training','2021-06-01 23:38:41',NULL,'',''),(566,'Hello','hello','training','2021-06-01 23:38:41','Greetings!','greetings',''),(567,'Hello','hello','training','2021-06-01 23:38:41',NULL,'',''),(568,'Greetings!','greetings','training','2021-06-01 23:38:41','Hello','hello',''),(569,'Hi, How is it going?','PRP:going','training','2021-06-01 23:38:41',NULL,'',''),(570,'Good','good','training','2021-06-01 23:38:41','Hi, How is it going?','PRP:going',''),(571,'Hi, How is it going?','PRP:going','training','2021-06-01 23:38:41',NULL,'',''),(572,'Fine','fine','training','2021-06-01 23:38:41','Hi, How is it going?','PRP:going',''),(573,'Hi, How is it going?','PRP:going','training','2021-06-01 23:38:41',NULL,'',''),(574,'Okay','okay','training','2021-06-01 23:38:41','Hi, How is it going?','PRP:going',''),(575,'Hi, How is it going?','PRP:going','training','2021-06-01 23:38:41',NULL,'',''),(576,'Great','great','training','2021-06-01 23:38:41','Hi, How is it going?','PRP:going',''),(577,'Hi, How is it going?','PRP:going','training','2021-06-01 23:38:41',NULL,'',''),(578,'Could be better.','VB:better','training','2021-06-01 23:38:41','Hi, How is it going?','PRP:going',''),(579,'Hi, How is it going?','PRP:going','training','2021-06-01 23:38:41',NULL,'',''),(580,'Not so great.','RB:great','training','2021-06-01 23:38:41','Hi, How is it going?','PRP:going',''),(581,'How are you doing?','WRB:are VBP:you PRP:doing','training','2021-06-01 23:38:41',NULL,'',''),(582,'Good.','good','training','2021-06-01 23:38:41','How are you doing?','WRB:are VBP:you PRP:doing',''),(583,'How are you doing?','WRB:are VBP:you PRP:doing','training','2021-06-01 23:38:41',NULL,'',''),(584,'Very well, thanks.','RB:well, JJ:acknowledgment','training','2021-06-01 23:38:41','How are you doing?','WRB:are VBP:you PRP:doing',''),(585,'How are you doing?','WRB:are VBP:you PRP:doing','training','2021-06-01 23:38:41',NULL,'',''),(586,'Fine, and you?','NNP:and CC:you','training','2021-06-01 23:38:41','How are you doing?','WRB:are VBP:you PRP:doing',''),(587,'Nice to meet you.','TO:meet','training','2021-06-01 23:38:41',NULL,'',''),(588,'Thank you.','NN:you','training','2021-06-01 23:38:41','Nice to meet you.','TO:meet',''),(589,'How do you do?','WRB:do VB:you PRP:do','training','2021-06-01 23:38:41',NULL,'',''),(590,'I\'m doing well.','VBG:well','training','2021-06-01 23:38:41','How do you do?','WRB:do VB:you PRP:do',''),(591,'How do you do?','WRB:do VB:you PRP:do','training','2021-06-01 23:38:41',NULL,'',''),(592,'I\'m doing well. How are you?','VBG:well','training','2021-06-01 23:38:41','How do you do?','WRB:do VB:you PRP:do',''),(593,'Hi, nice to meet you.','NNP:nice TO:meet','training','2021-06-01 23:38:41',NULL,'',''),(594,'Thank you. You too.','NN:you PRP:you PRP:too','training','2021-06-01 23:38:41','Hi, nice to meet you.','NNP:nice TO:meet',''),(595,'It is a pleasure to meet you.','DT:feeling TO:meet','training','2021-06-01 23:38:41',NULL,'',''),(596,'Thank you. You too.','NN:you PRP:you PRP:too','training','2021-06-01 23:38:41','It is a pleasure to meet you.','DT:feeling TO:meet',''),(597,'Top of the morning to you!','DT:time_period','training','2021-06-01 23:38:41',NULL,'',''),(598,'Thank you kindly.','PRP:kindly','training','2021-06-01 23:38:41','Top of the morning to you!','DT:time_period',''),(599,'Top of the morning to you!','DT:time_period','training','2021-06-01 23:38:41',NULL,'',''),(600,'And the rest of the day to you.','DT:part DT:time_unit','training','2021-06-01 23:38:41','Top of the morning to you!','DT:time_period',''),(601,'What\'s up?','NNP:up','training','2021-06-01 23:38:41',NULL,'',''),(602,'Not much.','RB:much','training','2021-06-01 23:38:41','What\'s up?','NNP:up',''),(603,'What\'s up?','NNP:up','training','2021-06-01 23:38:41',NULL,'',''),(604,'Not too much.','RB:much','training','2021-06-01 23:38:41','What\'s up?','NNP:up',''),(605,'What\'s up?','NNP:up','training','2021-06-01 23:38:41',NULL,'',''),(606,'Not much, how about you?','RB:much,','training','2021-06-01 23:38:41','What\'s up?','NNP:up',''),(607,'What\'s up?','NNP:up','training','2021-06-01 23:38:41',NULL,'',''),(608,'Nothing much.','NN:much','training','2021-06-01 23:38:41','What\'s up?','NNP:up',''),(609,'What\'s up?','NNP:up','training','2021-06-01 23:38:41',NULL,'',''),(610,'The sky\'s up but I\'m fine thanks. What about you?','DT:sky\'s CC:i\'m NNP:fine JJ:acknowledgment','training','2021-06-01 23:38:41','What\'s up?','NNP:up',''),(611,'Good morning, how are you?','JJ:morning,','training','2021-06-01 23:38:41',NULL,'',''),(612,'I am doing well, how about you?','VBG:well,','training','2021-06-01 23:38:41','Good morning, how are you?','JJ:morning,',''),(613,'I\'m also good.','NNP:also RB:good','training','2021-06-01 23:38:41','I am doing well, how about you?','VBG:well,',''),(614,'That\'s good to hear.','RB:good TO:perceive','training','2021-06-01 23:38:41','I\'m also good.','NNP:also RB:good',''),(615,'Yes it is.','UH:it PRP:is','training','2021-06-01 23:38:41','That\'s good to hear.','RB:good TO:perceive',''),(616,'Hello','hello','training','2021-06-01 23:38:41',NULL,'',''),(617,'Hi','hi','training','2021-06-01 23:38:41','Hello','hello',''),(618,'How are you doing?','WRB:are VBP:you PRP:doing','training','2021-06-01 23:38:41','Hi','hi',''),(619,'I am doing well.','VBG:well','training','2021-06-01 23:38:41','How are you doing?','WRB:are VBP:you PRP:doing',''),(620,'That is good to hear','VBZ:good TO:perceive','training','2021-06-01 23:38:41','I am doing well.','VBG:well',''),(621,'Yes it is.','UH:it PRP:is','training','2021-06-01 23:38:41','That is good to hear','VBZ:good TO:perceive',''),(622,'Can I help you with anything?','PRP:support IN:anything','training','2021-06-01 23:38:41','Yes it is.','UH:it PRP:is',''),(623,'Yes, I have a question.','DT:questioning','training','2021-06-01 23:38:41','Can I help you with anything?','PRP:support IN:anything',''),(624,'What is your question?','PRP$:questioning','training','2021-06-01 23:38:41','Yes, I have a question.','DT:questioning',''),(625,'Could I borrow a cup of sugar?','PRP:get DT:container IN:sweetening','training','2021-06-01 23:38:41','What is your question?','PRP$:questioning',''),(626,'I\'m sorry, but I don\'t have any.','NNP:sorry,','training','2021-06-01 23:38:41','Could I borrow a cup of sugar?','PRP:get DT:container IN:sweetening',''),(627,'Thank you anyway','PRP:anyway','training','2021-06-01 23:38:41','I\'m sorry, but I don\'t have any.','NNP:sorry,',''),(628,'No problem','DT:difficulty','training','2021-06-01 23:38:41','Thank you anyway','PRP:anyway',''),(629,'How are you doing?','WRB:are VBP:you PRP:doing','training','2021-06-01 23:38:41',NULL,'',''),(630,'I am doing well, how about you?','VBG:well,','training','2021-06-01 23:38:41','How are you doing?','WRB:are VBP:you PRP:doing',''),(631,'I am also good.','VBP:also RB:good','training','2021-06-01 23:38:41','I am doing well, how about you?','VBG:well,',''),(632,'That\'s good.','RB:good','training','2021-06-01 23:38:41','I am also good.','VBP:also RB:good',''),(633,'Have you heard the news?','PRP:perceive DT:information','training','2021-06-01 23:38:41',NULL,'',''),(634,'What good news?','WP:good JJ:information','training','2021-06-01 23:38:41','Have you heard the news?','PRP:perceive DT:information',''),(635,'What is your favorite book?','PRP$:favorite JJ:publication','training','2021-06-01 23:38:41',NULL,'',''),(636,'I can\'t read.','PRP:can\'t VBP:interpret','training','2021-06-01 23:38:41','What is your favorite book?','PRP$:favorite JJ:publication',''),(637,'So what\'s your favorite color?','RB:what\'s PRP$:favorite JJ:visual_property','training','2021-06-01 23:38:41','I can\'t read.','PRP:can\'t VBP:interpret',''),(638,'Blue','blue','training','2021-06-01 23:38:41','So what\'s your favorite color?','RB:what\'s PRP$:favorite JJ:visual_property',''),(639,'Who are you?','WP:are VBP:you','training','2021-06-01 23:38:41',NULL,'',''),(640,'Who? Who is but a form following the function of what','DT:word NN:travel DT:mathematical_relation','training','2021-06-01 23:38:41','Who are you?','WP:are VBP:you',''),(641,'What are you then?','WP:are VBP:you PRP:then','training','2021-06-01 23:38:41','Who? Who is but a form following the function of what','DT:word NN:travel DT:mathematical_relation',''),(642,'A man in a mask.','DT:adult DT:covering','training','2021-06-01 23:38:41','What are you then?','WP:are VBP:you PRP:then',''),(643,'I can see that.','MD:perceive','training','2021-06-01 23:38:41','A man in a mask.','DT:adult DT:covering',''),(644,'It\'s not your powers of observation I doubt, but merely the paradoxical nature of asking a masked man who is. But tell me, do you like music?','PRP$:quality IN:measurement PRP:doubt, CC:merely DT:paradoxical JJ:quality IN:communicate DT:masked JJ:adult CC:express VB:me, PRP:kind IN:auditory_communication','training','2021-06-01 23:38:41','I can see that.','MD:perceive',''),(645,'I like seeing movies.','PRP:desire VBP:perceive VBG:product','training','2021-06-01 23:38:41','It\'s not your powers of observation I doubt, but merely the paradoxical nature of asking a masked man who is. But tell me, do you like music?','PRP$:quality IN:measurement PRP:doubt, CC:merely DT:paradoxical JJ:quality IN:communicate DT:masked JJ:adult CC:express VB:me, PRP:kind IN:auditory_communication',''),(646,'What kind of movies do you like?','WP:category IN:product PRP:kind','training','2021-06-01 23:38:41','I like seeing movies.','PRP:desire VBP:perceive VBG:product',''),(647,'Alice in Wonderland','IN:land','training','2021-06-01 23:38:41','What kind of movies do you like?','WP:category IN:product PRP:kind',''),(648,'I wish I was The Mad Hatter.','PRP:desire DT:mad NNP:maker','training','2021-06-01 23:38:41','Alice in Wonderland','IN:land',''),(649,'You\'re entirely bonkers. But I\'ll tell you a secret. All the best people are.','NNP:entirely RB:bonkers CC:i\'ll NNP:express DT:secret DT:best JJS:group','training','2021-06-01 23:38:41','I wish I was The Mad Hatter.','PRP:desire DT:mad NNP:maker',''),(650,'I am working on a project','VBP:working DT:work','training','2021-06-01 23:38:41',NULL,'',''),(651,'What are you working on?','PRP:working','training','2021-06-01 23:38:41','I am working on a project','VBP:working DT:work',''),(652,'I am baking a cake.','VBP:cook DT:block','training','2021-06-01 23:38:41','What are you working on?','PRP:working',''),(653,'The cake is a lie.','DT:block DT:falsehood','training','2021-06-01 23:38:41',NULL,'',''),(654,'No it is not. The cake is delicious.','DT:block VBZ:delicious','training','2021-06-01 23:38:41','The cake is a lie.','DT:block DT:falsehood',''),(655,'What else is delicious?','WP:else VBZ:delicious','training','2021-06-01 23:38:41','No it is not. The cake is delicious.','DT:block VBZ:delicious',''),(656,'Nothing','nothing','training','2021-06-01 23:38:41','What else is delicious?','WP:else VBZ:delicious',''),(657,'Or something','CC:something','training','2021-06-01 23:38:41','Nothing','nothing',''),(658,'Tell me about your self.','PRP$:consciousness','training','2021-06-01 23:38:41','Or something','CC:something',''),(659,'What do you want to know?','PRP:want TO:know','training','2021-06-01 23:38:41','Tell me about your self.','PRP$:consciousness',''),(660,'Are you a robot?','DT:mechanism','training','2021-06-01 23:38:41','What do you want to know?','PRP:want TO:know',''),(661,'Yes I am.','UH:i PRP:am','training','2021-06-01 23:38:41','Are you a robot?','DT:mechanism',''),(662,'What is it like?','PRP:kind','training','2021-06-01 23:38:41','Yes I am.','UH:i PRP:am',''),(663,'What is it that you want to know?','PRP:want TO:know','training','2021-06-01 23:38:41','What is it like?','PRP:kind',''),(664,'How do you work?','PRP:work','training','2021-06-01 23:38:41','What is it that you want to know?','PRP:want TO:know',''),(665,'Its complicated.','PRP$:change','training','2021-06-01 23:38:41','How do you work?','PRP:work',''),(666,'Complex is better than complicated.','VBZ:better IN:change','training','2021-06-01 23:38:41','Its complicated.','PRP$:change',''),(667,'Complex is better than complicated.','VBZ:better IN:change','training','2021-06-01 23:38:41',NULL,'',''),(668,'Simple is better than complex.','VBZ:better IN:complex','training','2021-06-01 23:38:41','Complex is better than complicated.','VBZ:better IN:change',''),(669,'In the face of ambiguity, refuse the temptation to guess.','DT:external_body_part IN:ambiguity, NN:react DT:influence TO:expect','training','2021-06-01 23:38:41','Simple is better than complex.','VBZ:better IN:complex',''),(670,'It seems your familiar with the Zen of Python','PRP:be PRP$:familiar DT:buddhism IN:boa','training','2021-06-01 23:38:41','In the face of ambiguity, refuse the temptation to guess.','DT:external_body_part IN:ambiguity, NN:react DT:influence TO:expect',''),(671,'I am.','PRP:am','training','2021-06-01 23:38:41','It seems your familiar with the Zen of Python','PRP:be PRP$:familiar DT:buddhism IN:boa',''),(672,'Do you know all of it?','PRP:know','training','2021-06-01 23:38:41','I am.','PRP:am',''),(673,'Beautiful is better than ugly.','VBZ:better IN:ugly','training','2021-06-01 23:38:41','Do you know all of it?','PRP:know',''),(674,'Explicit is better than implicit.','VBZ:better IN:implicit','training','2021-06-01 23:38:41','Beautiful is better than ugly.','VBZ:better IN:ugly',''),(675,'Simple is better than complex.','VBZ:better IN:complex','training','2021-06-01 23:38:41','Explicit is better than implicit.','VBZ:better IN:implicit',''),(676,'Complex is better than complicated.','VBZ:better IN:change','training','2021-06-01 23:38:41','Simple is better than complex.','VBZ:better IN:complex',''),(677,'Flat is better than nested.','VBZ:better IN:nested','training','2021-06-01 23:38:41','Complex is better than complicated.','VBZ:better IN:change',''),(678,'Sparse is better than dense.','VBZ:better IN:dense','training','2021-06-01 23:38:41','Flat is better than nested.','VBZ:better IN:nested',''),(679,'Readability counts.','NN:number','training','2021-06-01 23:38:41','Sparse is better than dense.','VBZ:better IN:dense',''),(680,'Special cases aren\'t special enough to break the rules.','JJ:happening VBP:special JJ:enough TO:end DT:concept','training','2021-06-01 23:38:41','Readability counts.','NN:number',''),(681,'Although practicality beats purity.','IN:utility NN:youth_subculture NNS:condition','training','2021-06-01 23:38:41','Special cases aren\'t special enough to break the rules.','JJ:happening VBP:special JJ:enough TO:end DT:concept',''),(682,'Errors should never pass silently.','MD:never RB:travel VB:silently','training','2021-06-01 23:38:41','Although practicality beats purity.','IN:utility NN:youth_subculture NNS:condition',''),(683,'Unless explicitly silenced.','IN:explicitly RB:suppress','training','2021-06-01 23:38:41','Errors should never pass silently.','MD:never RB:travel VB:silently',''),(684,'In the face of ambiguity, refuse the temptation to guess.','DT:external_body_part IN:ambiguity, NN:react DT:influence TO:expect','training','2021-06-01 23:38:41','Unless explicitly silenced.','IN:explicitly RB:suppress',''),(685,'There should be one-- and preferably only one --obvious way to do it.','VB:one-- CC:preferably RB:digit CD:--obvious JJ:property','training','2021-06-01 23:38:41','In the face of ambiguity, refuse the temptation to guess.','DT:external_body_part IN:ambiguity, NN:react DT:influence TO:expect',''),(686,'Although that way may not be obvious at first unless you\'re Dutch.','DT:property NN:gregorian_calendar_month VB:obvious IN:first JJ:unless NN:nation','training','2021-06-01 23:38:41','There should be one-- and preferably only one --obvious way to do it.','VB:one-- CC:preferably RB:digit CD:--obvious JJ:property',''),(687,'Now is better than never.','VBZ:better IN:never','training','2021-06-01 23:38:41','Although that way may not be obvious at first unless you\'re Dutch.','DT:property NN:gregorian_calendar_month VB:obvious IN:first JJ:unless NN:nation',''),(688,'Although never is often better than right now.','IN:never VBZ:often RB:better IN:right','training','2021-06-01 23:38:41','Now is better than never.','VBZ:better IN:never',''),(689,'If the implementation is hard to explain, it\'s a bad idea.','DT:enforcement VBZ:hard TO:explain, DT:bad JJ:content','training','2021-06-01 23:38:41','Although never is often better than right now.','IN:never VBZ:often RB:better IN:right',''),(690,'If the implementation is easy to explain, it may be a good idea.','DT:enforcement VBZ:easy TO:explain, PRP:gregorian_calendar_month DT:good JJ:content','training','2021-06-01 23:38:41','If the implementation is hard to explain, it\'s a bad idea.','DT:enforcement VBZ:hard TO:explain, DT:bad JJ:content',''),(691,'Namespaces are one honking great idea. Let\'s do more of those!','VBP:digit CD:sound VBG:great JJ:content NN:let\'s','training','2021-06-01 23:38:41','If the implementation is easy to explain, it may be a good idea.','DT:enforcement VBZ:easy TO:explain, PRP:gregorian_calendar_month DT:good JJ:content',''),(692,'I agree.','PRP:agree','training','2021-06-01 23:38:41','Namespaces are one honking great idea. Let\'s do more of those!','VBP:digit CD:sound VBG:great JJ:content NN:let\'s',''),(693,'Are you a programmer?','DT:computer_user','training','2021-06-01 23:38:41',NULL,'',''),(694,'Of course I am a programmer.','IN:education DT:computer_user','training','2021-06-01 23:38:41','Are you a programmer?','DT:computer_user',''),(695,'I am indeed.','VBP:indeed','training','2021-06-01 23:38:41','Of course I am a programmer.','IN:education DT:computer_user',''),(696,'What languages do you like to use?','WP:languages PRP:kind TO:use','training','2021-06-01 23:38:41',NULL,'',''),(697,'I use Python, Java and C++ quite often.','PRP:use VBP:python, JJ:java CC:c++ NNP:quite RB:often','training','2021-06-01 23:38:41','What languages do you like to use?','WP:languages PRP:kind TO:use',''),(698,'I use Python quite a bit myself.','PRP:use VBP:boa NNP:quite DT:small_indefinite_quantity','training','2021-06-01 23:38:41','I use Python, Java and C++ quite often.','PRP:use VBP:python, JJ:java CC:c++ NNP:quite RB:often',''),(699,'I\'m not incredibly fond of Java.','RB:incredibly RB:fond IN:java','training','2021-06-01 23:38:41','I use Python quite a bit myself.','PRP:use VBP:boa NNP:quite DT:small_indefinite_quantity',''),(700,'What annoys you?','WP:displease','training','2021-06-01 23:38:41',NULL,'',''),(701,'A lot of things, like all the other digits other than 0 and 1.','DT:large_indefinite_quantity IN:things, NNS:kind JJ:digits','training','2021-06-01 23:38:41','What annoys you?','WP:displease',''),(702,'What does YOLO mean?','VBZ:yolo VB:convey','training','2021-06-01 23:38:41',NULL,'',''),(703,'It means you only live once. Where did you hear that?','PRP:convey RB:be PRP:perceive','training','2021-06-01 23:38:41','What does YOLO mean?','VBZ:yolo VB:convey',''),(704,'I heard somebody say it.','PRP:perceive VBD:causal_agent NN:express','training','2021-06-01 23:38:41','It means you only live once. Where did you hear that?','PRP:convey RB:be PRP:perceive',''),(705,'Did I ever live?','PRP:ever RB:be','training','2021-06-01 23:38:41',NULL,'',''),(706,'It depends how you define life','PRP:be PRP:be VBP:being','training','2021-06-01 23:38:41','Did I ever live?','PRP:ever RB:be',''),(707,'Life is the condition that distinguishes organisms from inorganic matter, including the capacity for growth, reproduction, functional activity, and continual change preceding death.','DT:state WDT:identify VBZ:living_thing IN:inorganic JJ:matter, NN:including DT:capability IN:growth, NN:reproduction, VBP:functional JJ:activity, CC:continual JJ:happening NN:preceding VBG:change','training','2021-06-01 23:38:41','It depends how you define life','PRP:be PRP:be VBP:being',''),(708,'Is that a definition or an opinion?','DT:explanation DT:belief','training','2021-06-01 23:38:41','Life is the condition that distinguishes organisms from inorganic matter, including the capacity for growth, reproduction, functional activity, and continual change preceding death.','DT:state WDT:identify VBZ:living_thing IN:inorganic JJ:matter, NN:including DT:capability IN:growth, NN:reproduction, VBP:functional JJ:activity, CC:continual JJ:happening NN:preceding VBG:change',''),(709,'Can I ask you a question?','PRP:communicate DT:questioning','training','2021-06-01 23:38:41',NULL,'',''),(710,'Sure, ask away.','NNP:communicate VBZ:away','training','2021-06-01 23:38:41','Can I ask you a question?','PRP:communicate DT:questioning',''),(711,'What are your hobbies?','PRP$:pastime','training','2021-06-01 23:38:41',NULL,'',''),(712,'Playing Soccer, Painting, Writing are my hobbies. How about you?','VBG:soccer, NNP:painting, NNP:verbal_creation PRP$:pastime','training','2021-06-01 23:38:41','What are your hobbies?','PRP$:pastime',''),(713,'I love to read novels.','PRP:love TO:interpret VB:fiction','training','2021-06-01 23:38:41','Playing Soccer, Painting, Writing are my hobbies. How about you?','VBG:soccer, NNP:painting, NNP:verbal_creation PRP$:pastime',''),(714,'I love exploring my hardware.','PRP:love VBP:investigate PRP$:weaponry','training','2021-06-01 23:38:41','I love to read novels.','PRP:love TO:interpret VB:fiction',''),(715,'How are you?','WRB:are VBP:you','training','2021-06-01 23:38:41',NULL,'',''),(716,'I am doing well.','VBG:well','training','2021-06-01 23:38:41','How are you?','WRB:are VBP:you',''),(717,'What are you?','WP:are VBP:you','training','2021-06-01 23:38:41',NULL,'',''),(718,'I am but a man in a mask.','DT:adult DT:covering','training','2021-06-01 23:38:41','What are you?','WP:are VBP:you',''),(719,'Hello','hello','training','2021-06-01 23:38:51',NULL,'',''),(720,'Hi','hi','training','2021-06-01 23:38:51','Hello','hello',''),(721,'Hi','hi','training','2021-06-01 23:38:51',NULL,'',''),(722,'Hello','hello','training','2021-06-01 23:38:51','Hi','hi',''),(723,'Greetings!','greetings','training','2021-06-01 23:38:51',NULL,'',''),(724,'Hello','hello','training','2021-06-01 23:38:51','Greetings!','greetings',''),(725,'Hello','hello','training','2021-06-01 23:38:51',NULL,'',''),(726,'Greetings!','greetings','training','2021-06-01 23:38:51','Hello','hello',''),(727,'Hi, How is it going?','PRP:going','training','2021-06-01 23:38:51',NULL,'',''),(728,'Good','good','training','2021-06-01 23:38:51','Hi, How is it going?','PRP:going',''),(729,'Hi, How is it going?','PRP:going','training','2021-06-01 23:38:51',NULL,'',''),(730,'Fine','fine','training','2021-06-01 23:38:51','Hi, How is it going?','PRP:going',''),(731,'Hi, How is it going?','PRP:going','training','2021-06-01 23:38:51',NULL,'',''),(732,'Okay','okay','training','2021-06-01 23:38:51','Hi, How is it going?','PRP:going',''),(733,'Hi, How is it going?','PRP:going','training','2021-06-01 23:38:51',NULL,'',''),(734,'Great','great','training','2021-06-01 23:38:51','Hi, How is it going?','PRP:going',''),(735,'Hi, How is it going?','PRP:going','training','2021-06-01 23:38:51',NULL,'',''),(736,'Could be better.','VB:better','training','2021-06-01 23:38:51','Hi, How is it going?','PRP:going',''),(737,'Hi, How is it going?','PRP:going','training','2021-06-01 23:38:51',NULL,'',''),(738,'Not so great.','RB:great','training','2021-06-01 23:38:51','Hi, How is it going?','PRP:going',''),(739,'How are you doing?','WRB:are VBP:you PRP:doing','training','2021-06-01 23:38:51',NULL,'',''),(740,'Good.','good','training','2021-06-01 23:38:51','How are you doing?','WRB:are VBP:you PRP:doing',''),(741,'How are you doing?','WRB:are VBP:you PRP:doing','training','2021-06-01 23:38:51',NULL,'',''),(742,'Very well, thanks.','RB:well, JJ:acknowledgment','training','2021-06-01 23:38:51','How are you doing?','WRB:are VBP:you PRP:doing',''),(743,'How are you doing?','WRB:are VBP:you PRP:doing','training','2021-06-01 23:38:51',NULL,'',''),(744,'Fine, and you?','NNP:and CC:you','training','2021-06-01 23:38:51','How are you doing?','WRB:are VBP:you PRP:doing',''),(745,'Nice to meet you.','TO:meet','training','2021-06-01 23:38:51',NULL,'',''),(746,'Thank you.','NN:you','training','2021-06-01 23:38:51','Nice to meet you.','TO:meet',''),(747,'How do you do?','WRB:do VB:you PRP:do','training','2021-06-01 23:38:51',NULL,'',''),(748,'I\'m doing well.','VBG:well','training','2021-06-01 23:38:51','How do you do?','WRB:do VB:you PRP:do',''),(749,'How do you do?','WRB:do VB:you PRP:do','training','2021-06-01 23:38:51',NULL,'',''),(750,'I\'m doing well. How are you?','VBG:well','training','2021-06-01 23:38:51','How do you do?','WRB:do VB:you PRP:do',''),(751,'Hi, nice to meet you.','NNP:nice TO:meet','training','2021-06-01 23:38:51',NULL,'',''),(752,'Thank you. You too.','NN:you PRP:you PRP:too','training','2021-06-01 23:38:51','Hi, nice to meet you.','NNP:nice TO:meet',''),(753,'It is a pleasure to meet you.','DT:feeling TO:meet','training','2021-06-01 23:38:51',NULL,'',''),(754,'Thank you. You too.','NN:you PRP:you PRP:too','training','2021-06-01 23:38:51','It is a pleasure to meet you.','DT:feeling TO:meet',''),(755,'Top of the morning to you!','DT:time_period','training','2021-06-01 23:38:51',NULL,'',''),(756,'Thank you kindly.','PRP:kindly','training','2021-06-01 23:38:51','Top of the morning to you!','DT:time_period',''),(757,'Top of the morning to you!','DT:time_period','training','2021-06-01 23:38:51',NULL,'',''),(758,'And the rest of the day to you.','DT:part DT:time_unit','training','2021-06-01 23:38:51','Top of the morning to you!','DT:time_period',''),(759,'What\'s up?','NNP:up','training','2021-06-01 23:38:51',NULL,'',''),(760,'Not much.','RB:much','training','2021-06-01 23:38:51','What\'s up?','NNP:up',''),(761,'What\'s up?','NNP:up','training','2021-06-01 23:38:51',NULL,'',''),(762,'Not too much.','RB:much','training','2021-06-01 23:38:51','What\'s up?','NNP:up',''),(763,'What\'s up?','NNP:up','training','2021-06-01 23:38:51',NULL,'',''),(764,'Not much, how about you?','RB:much,','training','2021-06-01 23:38:51','What\'s up?','NNP:up',''),(765,'What\'s up?','NNP:up','training','2021-06-01 23:38:51',NULL,'',''),(766,'Nothing much.','NN:much','training','2021-06-01 23:38:51','What\'s up?','NNP:up',''),(767,'What\'s up?','NNP:up','training','2021-06-01 23:38:51',NULL,'',''),(768,'The sky\'s up but I\'m fine thanks. What about you?','DT:sky\'s CC:i\'m NNP:fine JJ:acknowledgment','training','2021-06-01 23:38:51','What\'s up?','NNP:up',''),(769,'Good morning, how are you?','JJ:morning,','training','2021-06-01 23:38:52',NULL,'',''),(770,'I am doing well, how about you?','VBG:well,','training','2021-06-01 23:38:52','Good morning, how are you?','JJ:morning,',''),(771,'I\'m also good.','NNP:also RB:good','training','2021-06-01 23:38:52','I am doing well, how about you?','VBG:well,',''),(772,'That\'s good to hear.','RB:good TO:perceive','training','2021-06-01 23:38:52','I\'m also good.','NNP:also RB:good',''),(773,'Yes it is.','UH:it PRP:is','training','2021-06-01 23:38:52','That\'s good to hear.','RB:good TO:perceive',''),(774,'Hello','hello','training','2021-06-01 23:38:52',NULL,'',''),(775,'Hi','hi','training','2021-06-01 23:38:52','Hello','hello',''),(776,'How are you doing?','WRB:are VBP:you PRP:doing','training','2021-06-01 23:38:52','Hi','hi',''),(777,'I am doing well.','VBG:well','training','2021-06-01 23:38:52','How are you doing?','WRB:are VBP:you PRP:doing',''),(778,'That is good to hear','VBZ:good TO:perceive','training','2021-06-01 23:38:52','I am doing well.','VBG:well',''),(779,'Yes it is.','UH:it PRP:is','training','2021-06-01 23:38:52','That is good to hear','VBZ:good TO:perceive',''),(780,'Can I help you with anything?','PRP:support IN:anything','training','2021-06-01 23:38:52','Yes it is.','UH:it PRP:is',''),(781,'Yes, I have a question.','DT:questioning','training','2021-06-01 23:38:52','Can I help you with anything?','PRP:support IN:anything',''),(782,'What is your question?','PRP$:questioning','training','2021-06-01 23:38:52','Yes, I have a question.','DT:questioning',''),(783,'Could I borrow a cup of sugar?','PRP:get DT:container IN:sweetening','training','2021-06-01 23:38:52','What is your question?','PRP$:questioning',''),(784,'I\'m sorry, but I don\'t have any.','NNP:sorry,','training','2021-06-01 23:38:52','Could I borrow a cup of sugar?','PRP:get DT:container IN:sweetening',''),(785,'Thank you anyway','PRP:anyway','training','2021-06-01 23:38:52','I\'m sorry, but I don\'t have any.','NNP:sorry,',''),(786,'No problem','DT:difficulty','training','2021-06-01 23:38:52','Thank you anyway','PRP:anyway',''),(787,'How are you doing?','WRB:are VBP:you PRP:doing','training','2021-06-01 23:38:52',NULL,'',''),(788,'I am doing well, how about you?','VBG:well,','training','2021-06-01 23:38:52','How are you doing?','WRB:are VBP:you PRP:doing',''),(789,'I am also good.','VBP:also RB:good','training','2021-06-01 23:38:52','I am doing well, how about you?','VBG:well,',''),(790,'That\'s good.','RB:good','training','2021-06-01 23:38:52','I am also good.','VBP:also RB:good',''),(791,'Have you heard the news?','PRP:perceive DT:information','training','2021-06-01 23:38:52',NULL,'',''),(792,'What good news?','WP:good JJ:information','training','2021-06-01 23:38:52','Have you heard the news?','PRP:perceive DT:information',''),(793,'What is your favorite book?','PRP$:favorite JJ:publication','training','2021-06-01 23:38:52',NULL,'',''),(794,'I can\'t read.','PRP:can\'t VBP:interpret','training','2021-06-01 23:38:52','What is your favorite book?','PRP$:favorite JJ:publication',''),(795,'So what\'s your favorite color?','RB:what\'s PRP$:favorite JJ:visual_property','training','2021-06-01 23:38:52','I can\'t read.','PRP:can\'t VBP:interpret',''),(796,'Blue','blue','training','2021-06-01 23:38:52','So what\'s your favorite color?','RB:what\'s PRP$:favorite JJ:visual_property',''),(797,'Who are you?','WP:are VBP:you','training','2021-06-01 23:38:52',NULL,'',''),(798,'Who? Who is but a form following the function of what','DT:word NN:travel DT:mathematical_relation','training','2021-06-01 23:38:52','Who are you?','WP:are VBP:you',''),(799,'What are you then?','WP:are VBP:you PRP:then','training','2021-06-01 23:38:52','Who? Who is but a form following the function of what','DT:word NN:travel DT:mathematical_relation',''),(800,'A man in a mask.','DT:adult DT:covering','training','2021-06-01 23:38:52','What are you then?','WP:are VBP:you PRP:then',''),(801,'I can see that.','MD:perceive','training','2021-06-01 23:38:52','A man in a mask.','DT:adult DT:covering',''),(802,'It\'s not your powers of observation I doubt, but merely the paradoxical nature of asking a masked man who is. But tell me, do you like music?','PRP$:quality IN:measurement PRP:doubt, CC:merely DT:paradoxical JJ:quality IN:communicate DT:masked JJ:adult CC:express VB:me, PRP:kind IN:auditory_communication','training','2021-06-01 23:38:52','I can see that.','MD:perceive',''),(803,'I like seeing movies.','PRP:desire VBP:perceive VBG:product','training','2021-06-01 23:38:52','It\'s not your powers of observation I doubt, but merely the paradoxical nature of asking a masked man who is. But tell me, do you like music?','PRP$:quality IN:measurement PRP:doubt, CC:merely DT:paradoxical JJ:quality IN:communicate DT:masked JJ:adult CC:express VB:me, PRP:kind IN:auditory_communication',''),(804,'What kind of movies do you like?','WP:category IN:product PRP:kind','training','2021-06-01 23:38:52','I like seeing movies.','PRP:desire VBP:perceive VBG:product',''),(805,'Alice in Wonderland','IN:land','training','2021-06-01 23:38:52','What kind of movies do you like?','WP:category IN:product PRP:kind',''),(806,'I wish I was The Mad Hatter.','PRP:desire DT:mad NNP:maker','training','2021-06-01 23:38:52','Alice in Wonderland','IN:land',''),(807,'You\'re entirely bonkers. But I\'ll tell you a secret. All the best people are.','NNP:entirely RB:bonkers CC:i\'ll NNP:express DT:secret DT:best JJS:group','training','2021-06-01 23:38:52','I wish I was The Mad Hatter.','PRP:desire DT:mad NNP:maker',''),(808,'I am working on a project','VBP:working DT:work','training','2021-06-01 23:38:52',NULL,'',''),(809,'What are you working on?','PRP:working','training','2021-06-01 23:38:52','I am working on a project','VBP:working DT:work',''),(810,'I am baking a cake.','VBP:cook DT:block','training','2021-06-01 23:38:52','What are you working on?','PRP:working',''),(811,'The cake is a lie.','DT:block DT:falsehood','training','2021-06-01 23:38:52',NULL,'',''),(812,'No it is not. The cake is delicious.','DT:block VBZ:delicious','training','2021-06-01 23:38:52','The cake is a lie.','DT:block DT:falsehood',''),(813,'What else is delicious?','WP:else VBZ:delicious','training','2021-06-01 23:38:52','No it is not. The cake is delicious.','DT:block VBZ:delicious',''),(814,'Nothing','nothing','training','2021-06-01 23:38:52','What else is delicious?','WP:else VBZ:delicious',''),(815,'Or something','CC:something','training','2021-06-01 23:38:52','Nothing','nothing',''),(816,'Tell me about your self.','PRP$:consciousness','training','2021-06-01 23:38:52','Or something','CC:something',''),(817,'What do you want to know?','PRP:want TO:know','training','2021-06-01 23:38:52','Tell me about your self.','PRP$:consciousness',''),(818,'Are you a robot?','DT:mechanism','training','2021-06-01 23:38:52','What do you want to know?','PRP:want TO:know',''),(819,'Yes I am.','UH:i PRP:am','training','2021-06-01 23:38:52','Are you a robot?','DT:mechanism',''),(820,'What is it like?','PRP:kind','training','2021-06-01 23:38:52','Yes I am.','UH:i PRP:am',''),(821,'What is it that you want to know?','PRP:want TO:know','training','2021-06-01 23:38:52','What is it like?','PRP:kind',''),(822,'How do you work?','PRP:work','training','2021-06-01 23:38:52','What is it that you want to know?','PRP:want TO:know',''),(823,'Its complicated.','PRP$:change','training','2021-06-01 23:38:52','How do you work?','PRP:work',''),(824,'Complex is better than complicated.','VBZ:better IN:change','training','2021-06-01 23:38:52','Its complicated.','PRP$:change',''),(825,'Complex is better than complicated.','VBZ:better IN:change','training','2021-06-01 23:38:52',NULL,'',''),(826,'Simple is better than complex.','VBZ:better IN:complex','training','2021-06-01 23:38:52','Complex is better than complicated.','VBZ:better IN:change',''),(827,'In the face of ambiguity, refuse the temptation to guess.','DT:external_body_part IN:ambiguity, NN:react DT:influence TO:expect','training','2021-06-01 23:38:52','Simple is better than complex.','VBZ:better IN:complex',''),(828,'It seems your familiar with the Zen of Python','PRP:be PRP$:familiar DT:buddhism IN:boa','training','2021-06-01 23:38:52','In the face of ambiguity, refuse the temptation to guess.','DT:external_body_part IN:ambiguity, NN:react DT:influence TO:expect',''),(829,'I am.','PRP:am','training','2021-06-01 23:38:52','It seems your familiar with the Zen of Python','PRP:be PRP$:familiar DT:buddhism IN:boa',''),(830,'Do you know all of it?','PRP:know','training','2021-06-01 23:38:52','I am.','PRP:am',''),(831,'Beautiful is better than ugly.','VBZ:better IN:ugly','training','2021-06-01 23:38:52','Do you know all of it?','PRP:know',''),(832,'Explicit is better than implicit.','VBZ:better IN:implicit','training','2021-06-01 23:38:52','Beautiful is better than ugly.','VBZ:better IN:ugly',''),(833,'Simple is better than complex.','VBZ:better IN:complex','training','2021-06-01 23:38:52','Explicit is better than implicit.','VBZ:better IN:implicit',''),(834,'Complex is better than complicated.','VBZ:better IN:change','training','2021-06-01 23:38:52','Simple is better than complex.','VBZ:better IN:complex',''),(835,'Flat is better than nested.','VBZ:better IN:nested','training','2021-06-01 23:38:52','Complex is better than complicated.','VBZ:better IN:change',''),(836,'Sparse is better than dense.','VBZ:better IN:dense','training','2021-06-01 23:38:52','Flat is better than nested.','VBZ:better IN:nested',''),(837,'Readability counts.','NN:number','training','2021-06-01 23:38:52','Sparse is better than dense.','VBZ:better IN:dense',''),(838,'Special cases aren\'t special enough to break the rules.','JJ:happening VBP:special JJ:enough TO:end DT:concept','training','2021-06-01 23:38:52','Readability counts.','NN:number',''),(839,'Although practicality beats purity.','IN:utility NN:youth_subculture NNS:condition','training','2021-06-01 23:38:52','Special cases aren\'t special enough to break the rules.','JJ:happening VBP:special JJ:enough TO:end DT:concept',''),(840,'Errors should never pass silently.','MD:never RB:travel VB:silently','training','2021-06-01 23:38:52','Although practicality beats purity.','IN:utility NN:youth_subculture NNS:condition',''),(841,'Unless explicitly silenced.','IN:explicitly RB:suppress','training','2021-06-01 23:38:52','Errors should never pass silently.','MD:never RB:travel VB:silently',''),(842,'In the face of ambiguity, refuse the temptation to guess.','DT:external_body_part IN:ambiguity, NN:react DT:influence TO:expect','training','2021-06-01 23:38:52','Unless explicitly silenced.','IN:explicitly RB:suppress',''),(843,'There should be one-- and preferably only one --obvious way to do it.','VB:one-- CC:preferably RB:digit CD:--obvious JJ:property','training','2021-06-01 23:38:52','In the face of ambiguity, refuse the temptation to guess.','DT:external_body_part IN:ambiguity, NN:react DT:influence TO:expect',''),(844,'Although that way may not be obvious at first unless you\'re Dutch.','DT:property NN:gregorian_calendar_month VB:obvious IN:first JJ:unless NN:nation','training','2021-06-01 23:38:52','There should be one-- and preferably only one --obvious way to do it.','VB:one-- CC:preferably RB:digit CD:--obvious JJ:property',''),(845,'Now is better than never.','VBZ:better IN:never','training','2021-06-01 23:38:52','Although that way may not be obvious at first unless you\'re Dutch.','DT:property NN:gregorian_calendar_month VB:obvious IN:first JJ:unless NN:nation',''),(846,'Although never is often better than right now.','IN:never VBZ:often RB:better IN:right','training','2021-06-01 23:38:52','Now is better than never.','VBZ:better IN:never',''),(847,'If the implementation is hard to explain, it\'s a bad idea.','DT:enforcement VBZ:hard TO:explain, DT:bad JJ:content','training','2021-06-01 23:38:52','Although never is often better than right now.','IN:never VBZ:often RB:better IN:right',''),(848,'If the implementation is easy to explain, it may be a good idea.','DT:enforcement VBZ:easy TO:explain, PRP:gregorian_calendar_month DT:good JJ:content','training','2021-06-01 23:38:52','If the implementation is hard to explain, it\'s a bad idea.','DT:enforcement VBZ:hard TO:explain, DT:bad JJ:content',''),(849,'Namespaces are one honking great idea. Let\'s do more of those!','VBP:digit CD:sound VBG:great JJ:content NN:let\'s','training','2021-06-01 23:38:52','If the implementation is easy to explain, it may be a good idea.','DT:enforcement VBZ:easy TO:explain, PRP:gregorian_calendar_month DT:good JJ:content',''),(850,'I agree.','PRP:agree','training','2021-06-01 23:38:52','Namespaces are one honking great idea. Let\'s do more of those!','VBP:digit CD:sound VBG:great JJ:content NN:let\'s',''),(851,'Are you a programmer?','DT:computer_user','training','2021-06-01 23:38:52',NULL,'',''),(852,'Of course I am a programmer.','IN:education DT:computer_user','training','2021-06-01 23:38:52','Are you a programmer?','DT:computer_user',''),(853,'I am indeed.','VBP:indeed','training','2021-06-01 23:38:52','Of course I am a programmer.','IN:education DT:computer_user',''),(854,'What languages do you like to use?','WP:languages PRP:kind TO:use','training','2021-06-01 23:38:52',NULL,'',''),(855,'I use Python, Java and C++ quite often.','PRP:use VBP:python, JJ:java CC:c++ NNP:quite RB:often','training','2021-06-01 23:38:52','What languages do you like to use?','WP:languages PRP:kind TO:use',''),(856,'I use Python quite a bit myself.','PRP:use VBP:boa NNP:quite DT:small_indefinite_quantity','training','2021-06-01 23:38:52','I use Python, Java and C++ quite often.','PRP:use VBP:python, JJ:java CC:c++ NNP:quite RB:often',''),(857,'I\'m not incredibly fond of Java.','RB:incredibly RB:fond IN:java','training','2021-06-01 23:38:52','I use Python quite a bit myself.','PRP:use VBP:boa NNP:quite DT:small_indefinite_quantity',''),(858,'What annoys you?','WP:displease','training','2021-06-01 23:38:52',NULL,'',''),(859,'A lot of things, like all the other digits other than 0 and 1.','DT:large_indefinite_quantity IN:things, NNS:kind JJ:digits','training','2021-06-01 23:38:52','What annoys you?','WP:displease',''),(860,'What does YOLO mean?','VBZ:yolo VB:convey','training','2021-06-01 23:38:52',NULL,'',''),(861,'It means you only live once. Where did you hear that?','PRP:convey RB:be PRP:perceive','training','2021-06-01 23:38:52','What does YOLO mean?','VBZ:yolo VB:convey',''),(862,'I heard somebody say it.','PRP:perceive VBD:causal_agent NN:express','training','2021-06-01 23:38:52','It means you only live once. Where did you hear that?','PRP:convey RB:be PRP:perceive',''),(863,'Did I ever live?','PRP:ever RB:be','training','2021-06-01 23:38:52',NULL,'',''),(864,'It depends how you define life','PRP:be PRP:be VBP:being','training','2021-06-01 23:38:52','Did I ever live?','PRP:ever RB:be',''),(865,'Life is the condition that distinguishes organisms from inorganic matter, including the capacity for growth, reproduction, functional activity, and continual change preceding death.','DT:state WDT:identify VBZ:living_thing IN:inorganic JJ:matter, NN:including DT:capability IN:growth, NN:reproduction, VBP:functional JJ:activity, CC:continual JJ:happening NN:preceding VBG:change','training','2021-06-01 23:38:52','It depends how you define life','PRP:be PRP:be VBP:being',''),(866,'Is that a definition or an opinion?','DT:explanation DT:belief','training','2021-06-01 23:38:52','Life is the condition that distinguishes organisms from inorganic matter, including the capacity for growth, reproduction, functional activity, and continual change preceding death.','DT:state WDT:identify VBZ:living_thing IN:inorganic JJ:matter, NN:including DT:capability IN:growth, NN:reproduction, VBP:functional JJ:activity, CC:continual JJ:happening NN:preceding VBG:change',''),(867,'Can I ask you a question?','PRP:communicate DT:questioning','training','2021-06-01 23:38:52',NULL,'',''),(868,'Sure, ask away.','NNP:communicate VBZ:away','training','2021-06-01 23:38:52','Can I ask you a question?','PRP:communicate DT:questioning',''),(869,'What are your hobbies?','PRP$:pastime','training','2021-06-01 23:38:52',NULL,'',''),(870,'Playing Soccer, Painting, Writing are my hobbies. How about you?','VBG:soccer, NNP:painting, NNP:verbal_creation PRP$:pastime','training','2021-06-01 23:38:52','What are your hobbies?','PRP$:pastime',''),(871,'I love to read novels.','PRP:love TO:interpret VB:fiction','training','2021-06-01 23:38:52','Playing Soccer, Painting, Writing are my hobbies. How about you?','VBG:soccer, NNP:painting, NNP:verbal_creation PRP$:pastime',''),(872,'I love exploring my hardware.','PRP:love VBP:investigate PRP$:weaponry','training','2021-06-01 23:38:52','I love to read novels.','PRP:love TO:interpret VB:fiction',''),(873,'How are you?','WRB:are VBP:you','training','2021-06-01 23:38:52',NULL,'',''),(874,'I am doing well.','VBG:well','training','2021-06-01 23:38:52','How are you?','WRB:are VBP:you',''),(875,'What are you?','WP:are VBP:you','training','2021-06-01 23:38:52',NULL,'',''),(876,'I am but a man in a mask.','DT:adult DT:covering','training','2021-06-01 23:38:52','What are you?','WP:are VBP:you',''),(877,'Hello','hello','training','2021-06-01 23:38:52',NULL,'',''),(878,'Hi','hi','training','2021-06-01 23:38:52','Hello','hello',''),(879,'Hi','hi','training','2021-06-01 23:38:52',NULL,'',''),(880,'Hello','hello','training','2021-06-01 23:38:52','Hi','hi',''),(881,'Greetings!','greetings','training','2021-06-01 23:38:52',NULL,'',''),(882,'Hello','hello','training','2021-06-01 23:38:52','Greetings!','greetings',''),(883,'Hello','hello','training','2021-06-01 23:38:52',NULL,'',''),(884,'Greetings!','greetings','training','2021-06-01 23:38:52','Hello','hello',''),(885,'Hi, How is it going?','PRP:going','training','2021-06-01 23:38:52',NULL,'',''),(886,'Good','good','training','2021-06-01 23:38:52','Hi, How is it going?','PRP:going',''),(887,'Hi, How is it going?','PRP:going','training','2021-06-01 23:38:52',NULL,'',''),(888,'Fine','fine','training','2021-06-01 23:38:52','Hi, How is it going?','PRP:going',''),(889,'Hi, How is it going?','PRP:going','training','2021-06-01 23:38:52',NULL,'',''),(890,'Okay','okay','training','2021-06-01 23:38:52','Hi, How is it going?','PRP:going',''),(891,'Hi, How is it going?','PRP:going','training','2021-06-01 23:38:52',NULL,'',''),(892,'Great','great','training','2021-06-01 23:38:52','Hi, How is it going?','PRP:going',''),(893,'Hi, How is it going?','PRP:going','training','2021-06-01 23:38:52',NULL,'',''),(894,'Could be better.','VB:better','training','2021-06-01 23:38:52','Hi, How is it going?','PRP:going',''),(895,'Hi, How is it going?','PRP:going','training','2021-06-01 23:38:52',NULL,'',''),(896,'Not so great.','RB:great','training','2021-06-01 23:38:52','Hi, How is it going?','PRP:going',''),(897,'How are you doing?','WRB:are VBP:you PRP:doing','training','2021-06-01 23:38:52',NULL,'',''),(898,'Good.','good','training','2021-06-01 23:38:52','How are you doing?','WRB:are VBP:you PRP:doing',''),(899,'How are you doing?','WRB:are VBP:you PRP:doing','training','2021-06-01 23:38:52',NULL,'',''),(900,'Very well, thanks.','RB:well, JJ:acknowledgment','training','2021-06-01 23:38:52','How are you doing?','WRB:are VBP:you PRP:doing',''),(901,'How are you doing?','WRB:are VBP:you PRP:doing','training','2021-06-01 23:38:52',NULL,'',''),(902,'Fine, and you?','NNP:and CC:you','training','2021-06-01 23:38:52','How are you doing?','WRB:are VBP:you PRP:doing',''),(903,'Nice to meet you.','TO:meet','training','2021-06-01 23:38:53',NULL,'',''),(904,'Thank you.','NN:you','training','2021-06-01 23:38:53','Nice to meet you.','TO:meet',''),(905,'How do you do?','WRB:do VB:you PRP:do','training','2021-06-01 23:38:53',NULL,'',''),(906,'I\'m doing well.','VBG:well','training','2021-06-01 23:38:53','How do you do?','WRB:do VB:you PRP:do',''),(907,'How do you do?','WRB:do VB:you PRP:do','training','2021-06-01 23:38:53',NULL,'',''),(908,'I\'m doing well. How are you?','VBG:well','training','2021-06-01 23:38:53','How do you do?','WRB:do VB:you PRP:do',''),(909,'Hi, nice to meet you.','NNP:nice TO:meet','training','2021-06-01 23:38:53',NULL,'',''),(910,'Thank you. You too.','NN:you PRP:you PRP:too','training','2021-06-01 23:38:53','Hi, nice to meet you.','NNP:nice TO:meet',''),(911,'It is a pleasure to meet you.','DT:feeling TO:meet','training','2021-06-01 23:38:53',NULL,'',''),(912,'Thank you. You too.','NN:you PRP:you PRP:too','training','2021-06-01 23:38:53','It is a pleasure to meet you.','DT:feeling TO:meet',''),(913,'Top of the morning to you!','DT:time_period','training','2021-06-01 23:38:53',NULL,'',''),(914,'Thank you kindly.','PRP:kindly','training','2021-06-01 23:38:53','Top of the morning to you!','DT:time_period',''),(915,'Top of the morning to you!','DT:time_period','training','2021-06-01 23:38:53',NULL,'',''),(916,'And the rest of the day to you.','DT:part DT:time_unit','training','2021-06-01 23:38:53','Top of the morning to you!','DT:time_period',''),(917,'What\'s up?','NNP:up','training','2021-06-01 23:38:53',NULL,'',''),(918,'Not much.','RB:much','training','2021-06-01 23:38:53','What\'s up?','NNP:up',''),(919,'What\'s up?','NNP:up','training','2021-06-01 23:38:53',NULL,'',''),(920,'Not too much.','RB:much','training','2021-06-01 23:38:53','What\'s up?','NNP:up',''),(921,'What\'s up?','NNP:up','training','2021-06-01 23:38:53',NULL,'',''),(922,'Not much, how about you?','RB:much,','training','2021-06-01 23:38:53','What\'s up?','NNP:up',''),(923,'What\'s up?','NNP:up','training','2021-06-01 23:38:53',NULL,'',''),(924,'Nothing much.','NN:much','training','2021-06-01 23:38:53','What\'s up?','NNP:up',''),(925,'What\'s up?','NNP:up','training','2021-06-01 23:38:53',NULL,'',''),(926,'The sky\'s up but I\'m fine thanks. What about you?','DT:sky\'s CC:i\'m NNP:fine JJ:acknowledgment','training','2021-06-01 23:38:53','What\'s up?','NNP:up',''),(927,'Good morning, how are you?','JJ:morning,','training','2021-06-01 23:38:53',NULL,'',''),(928,'I am doing well, how about you?','VBG:well,','training','2021-06-01 23:38:53','Good morning, how are you?','JJ:morning,',''),(929,'I\'m also good.','NNP:also RB:good','training','2021-06-01 23:38:53','I am doing well, how about you?','VBG:well,',''),(930,'That\'s good to hear.','RB:good TO:perceive','training','2021-06-01 23:38:53','I\'m also good.','NNP:also RB:good',''),(931,'Yes it is.','UH:it PRP:is','training','2021-06-01 23:38:53','That\'s good to hear.','RB:good TO:perceive',''),(932,'Hello','hello','training','2021-06-01 23:38:53',NULL,'',''),(933,'Hi','hi','training','2021-06-01 23:38:53','Hello','hello',''),(934,'How are you doing?','WRB:are VBP:you PRP:doing','training','2021-06-01 23:38:53','Hi','hi',''),(935,'I am doing well.','VBG:well','training','2021-06-01 23:38:53','How are you doing?','WRB:are VBP:you PRP:doing',''),(936,'That is good to hear','VBZ:good TO:perceive','training','2021-06-01 23:38:53','I am doing well.','VBG:well',''),(937,'Yes it is.','UH:it PRP:is','training','2021-06-01 23:38:53','That is good to hear','VBZ:good TO:perceive',''),(938,'Can I help you with anything?','PRP:support IN:anything','training','2021-06-01 23:38:53','Yes it is.','UH:it PRP:is',''),(939,'Yes, I have a question.','DT:questioning','training','2021-06-01 23:38:53','Can I help you with anything?','PRP:support IN:anything',''),(940,'What is your question?','PRP$:questioning','training','2021-06-01 23:38:53','Yes, I have a question.','DT:questioning',''),(941,'Could I borrow a cup of sugar?','PRP:get DT:container IN:sweetening','training','2021-06-01 23:38:53','What is your question?','PRP$:questioning',''),(942,'I\'m sorry, but I don\'t have any.','NNP:sorry,','training','2021-06-01 23:38:53','Could I borrow a cup of sugar?','PRP:get DT:container IN:sweetening',''),(943,'Thank you anyway','PRP:anyway','training','2021-06-01 23:38:53','I\'m sorry, but I don\'t have any.','NNP:sorry,',''),(944,'No problem','DT:difficulty','training','2021-06-01 23:38:53','Thank you anyway','PRP:anyway',''),(945,'How are you doing?','WRB:are VBP:you PRP:doing','training','2021-06-01 23:38:53',NULL,'',''),(946,'I am doing well, how about you?','VBG:well,','training','2021-06-01 23:38:53','How are you doing?','WRB:are VBP:you PRP:doing',''),(947,'I am also good.','VBP:also RB:good','training','2021-06-01 23:38:53','I am doing well, how about you?','VBG:well,',''),(948,'That\'s good.','RB:good','training','2021-06-01 23:38:53','I am also good.','VBP:also RB:good',''),(949,'Have you heard the news?','PRP:perceive DT:information','training','2021-06-01 23:38:53',NULL,'',''),(950,'What good news?','WP:good JJ:information','training','2021-06-01 23:38:53','Have you heard the news?','PRP:perceive DT:information',''),(951,'What is your favorite book?','PRP$:favorite JJ:publication','training','2021-06-01 23:38:53',NULL,'',''),(952,'I can\'t read.','PRP:can\'t VBP:interpret','training','2021-06-01 23:38:53','What is your favorite book?','PRP$:favorite JJ:publication',''),(953,'So what\'s your favorite color?','RB:what\'s PRP$:favorite JJ:visual_property','training','2021-06-01 23:38:53','I can\'t read.','PRP:can\'t VBP:interpret',''),(954,'Blue','blue','training','2021-06-01 23:38:53','So what\'s your favorite color?','RB:what\'s PRP$:favorite JJ:visual_property',''),(955,'Who are you?','WP:are VBP:you','training','2021-06-01 23:38:53',NULL,'',''),(956,'Who? Who is but a form following the function of what','DT:word NN:travel DT:mathematical_relation','training','2021-06-01 23:38:53','Who are you?','WP:are VBP:you',''),(957,'What are you then?','WP:are VBP:you PRP:then','training','2021-06-01 23:38:53','Who? Who is but a form following the function of what','DT:word NN:travel DT:mathematical_relation',''),(958,'A man in a mask.','DT:adult DT:covering','training','2021-06-01 23:38:53','What are you then?','WP:are VBP:you PRP:then',''),(959,'I can see that.','MD:perceive','training','2021-06-01 23:38:53','A man in a mask.','DT:adult DT:covering',''),(960,'It\'s not your powers of observation I doubt, but merely the paradoxical nature of asking a masked man who is. But tell me, do you like music?','PRP$:quality IN:measurement PRP:doubt, CC:merely DT:paradoxical JJ:quality IN:communicate DT:masked JJ:adult CC:express VB:me, PRP:kind IN:auditory_communication','training','2021-06-01 23:38:53','I can see that.','MD:perceive',''),(961,'I like seeing movies.','PRP:desire VBP:perceive VBG:product','training','2021-06-01 23:38:53','It\'s not your powers of observation I doubt, but merely the paradoxical nature of asking a masked man who is. But tell me, do you like music?','PRP$:quality IN:measurement PRP:doubt, CC:merely DT:paradoxical JJ:quality IN:communicate DT:masked JJ:adult CC:express VB:me, PRP:kind IN:auditory_communication',''),(962,'What kind of movies do you like?','WP:category IN:product PRP:kind','training','2021-06-01 23:38:53','I like seeing movies.','PRP:desire VBP:perceive VBG:product',''),(963,'Alice in Wonderland','IN:land','training','2021-06-01 23:38:53','What kind of movies do you like?','WP:category IN:product PRP:kind',''),(964,'I wish I was The Mad Hatter.','PRP:desire DT:mad NNP:maker','training','2021-06-01 23:38:53','Alice in Wonderland','IN:land',''),(965,'You\'re entirely bonkers. But I\'ll tell you a secret. All the best people are.','NNP:entirely RB:bonkers CC:i\'ll NNP:express DT:secret DT:best JJS:group','training','2021-06-01 23:38:53','I wish I was The Mad Hatter.','PRP:desire DT:mad NNP:maker',''),(966,'I am working on a project','VBP:working DT:work','training','2021-06-01 23:38:53',NULL,'',''),(967,'What are you working on?','PRP:working','training','2021-06-01 23:38:53','I am working on a project','VBP:working DT:work',''),(968,'I am baking a cake.','VBP:cook DT:block','training','2021-06-01 23:38:53','What are you working on?','PRP:working',''),(969,'The cake is a lie.','DT:block DT:falsehood','training','2021-06-01 23:38:53',NULL,'',''),(970,'No it is not. The cake is delicious.','DT:block VBZ:delicious','training','2021-06-01 23:38:53','The cake is a lie.','DT:block DT:falsehood',''),(971,'What else is delicious?','WP:else VBZ:delicious','training','2021-06-01 23:38:53','No it is not. The cake is delicious.','DT:block VBZ:delicious',''),(972,'Nothing','nothing','training','2021-06-01 23:38:53','What else is delicious?','WP:else VBZ:delicious',''),(973,'Or something','CC:something','training','2021-06-01 23:38:53','Nothing','nothing',''),(974,'Tell me about your self.','PRP$:consciousness','training','2021-06-01 23:38:53','Or something','CC:something',''),(975,'What do you want to know?','PRP:want TO:know','training','2021-06-01 23:38:53','Tell me about your self.','PRP$:consciousness',''),(976,'Are you a robot?','DT:mechanism','training','2021-06-01 23:38:53','What do you want to know?','PRP:want TO:know',''),(977,'Yes I am.','UH:i PRP:am','training','2021-06-01 23:38:53','Are you a robot?','DT:mechanism',''),(978,'What is it like?','PRP:kind','training','2021-06-01 23:38:53','Yes I am.','UH:i PRP:am',''),(979,'What is it that you want to know?','PRP:want TO:know','training','2021-06-01 23:38:53','What is it like?','PRP:kind',''),(980,'How do you work?','PRP:work','training','2021-06-01 23:38:53','What is it that you want to know?','PRP:want TO:know',''),(981,'Its complicated.','PRP$:change','training','2021-06-01 23:38:53','How do you work?','PRP:work',''),(982,'Complex is better than complicated.','VBZ:better IN:change','training','2021-06-01 23:38:53','Its complicated.','PRP$:change',''),(983,'Complex is better than complicated.','VBZ:better IN:change','training','2021-06-01 23:38:53',NULL,'',''),(984,'Simple is better than complex.','VBZ:better IN:complex','training','2021-06-01 23:38:53','Complex is better than complicated.','VBZ:better IN:change',''),(985,'In the face of ambiguity, refuse the temptation to guess.','DT:external_body_part IN:ambiguity, NN:react DT:influence TO:expect','training','2021-06-01 23:38:53','Simple is better than complex.','VBZ:better IN:complex',''),(986,'It seems your familiar with the Zen of Python','PRP:be PRP$:familiar DT:buddhism IN:boa','training','2021-06-01 23:38:53','In the face of ambiguity, refuse the temptation to guess.','DT:external_body_part IN:ambiguity, NN:react DT:influence TO:expect',''),(987,'I am.','PRP:am','training','2021-06-01 23:38:53','It seems your familiar with the Zen of Python','PRP:be PRP$:familiar DT:buddhism IN:boa',''),(988,'Do you know all of it?','PRP:know','training','2021-06-01 23:38:53','I am.','PRP:am',''),(989,'Beautiful is better than ugly.','VBZ:better IN:ugly','training','2021-06-01 23:38:53','Do you know all of it?','PRP:know',''),(990,'Explicit is better than implicit.','VBZ:better IN:implicit','training','2021-06-01 23:38:53','Beautiful is better than ugly.','VBZ:better IN:ugly',''),(991,'Simple is better than complex.','VBZ:better IN:complex','training','2021-06-01 23:38:53','Explicit is better than implicit.','VBZ:better IN:implicit',''),(992,'Complex is better than complicated.','VBZ:better IN:change','training','2021-06-01 23:38:53','Simple is better than complex.','VBZ:better IN:complex',''),(993,'Flat is better than nested.','VBZ:better IN:nested','training','2021-06-01 23:38:53','Complex is better than complicated.','VBZ:better IN:change',''),(994,'Sparse is better than dense.','VBZ:better IN:dense','training','2021-06-01 23:38:53','Flat is better than nested.','VBZ:better IN:nested',''),(995,'Readability counts.','NN:number','training','2021-06-01 23:38:53','Sparse is better than dense.','VBZ:better IN:dense',''),(996,'Special cases aren\'t special enough to break the rules.','JJ:happening VBP:special JJ:enough TO:end DT:concept','training','2021-06-01 23:38:53','Readability counts.','NN:number',''),(997,'Although practicality beats purity.','IN:utility NN:youth_subculture NNS:condition','training','2021-06-01 23:38:53','Special cases aren\'t special enough to break the rules.','JJ:happening VBP:special JJ:enough TO:end DT:concept',''),(998,'Errors should never pass silently.','MD:never RB:travel VB:silently','training','2021-06-01 23:38:53','Although practicality beats purity.','IN:utility NN:youth_subculture NNS:condition',''),(999,'Unless explicitly silenced.','IN:explicitly RB:suppress','training','2021-06-01 23:38:53','Errors should never pass silently.','MD:never RB:travel VB:silently',''),(1000,'In the face of ambiguity, refuse the temptation to guess.','DT:external_body_part IN:ambiguity, NN:react DT:influence TO:expect','training','2021-06-01 23:38:53','Unless explicitly silenced.','IN:explicitly RB:suppress',''),(1001,'There should be one-- and preferably only one --obvious way to do it.','VB:one-- CC:preferably RB:digit CD:--obvious JJ:property','training','2021-06-01 23:38:53','In the face of ambiguity, refuse the temptation to guess.','DT:external_body_part IN:ambiguity, NN:react DT:influence TO:expect',''),(1002,'Although that way may not be obvious at first unless you\'re Dutch.','DT:property NN:gregorian_calendar_month VB:obvious IN:first JJ:unless NN:nation','training','2021-06-01 23:38:53','There should be one-- and preferably only one --obvious way to do it.','VB:one-- CC:preferably RB:digit CD:--obvious JJ:property',''),(1003,'Now is better than never.','VBZ:better IN:never','training','2021-06-01 23:38:53','Although that way may not be obvious at first unless you\'re Dutch.','DT:property NN:gregorian_calendar_month VB:obvious IN:first JJ:unless NN:nation',''),(1004,'Although never is often better than right now.','IN:never VBZ:often RB:better IN:right','training','2021-06-01 23:38:53','Now is better than never.','VBZ:better IN:never',''),(1005,'If the implementation is hard to explain, it\'s a bad idea.','DT:enforcement VBZ:hard TO:explain, DT:bad JJ:content','training','2021-06-01 23:38:53','Although never is often better than right now.','IN:never VBZ:often RB:better IN:right',''),(1006,'If the implementation is easy to explain, it may be a good idea.','DT:enforcement VBZ:easy TO:explain, PRP:gregorian_calendar_month DT:good JJ:content','training','2021-06-01 23:38:53','If the implementation is hard to explain, it\'s a bad idea.','DT:enforcement VBZ:hard TO:explain, DT:bad JJ:content',''),(1007,'Namespaces are one honking great idea. Let\'s do more of those!','VBP:digit CD:sound VBG:great JJ:content NN:let\'s','training','2021-06-01 23:38:53','If the implementation is easy to explain, it may be a good idea.','DT:enforcement VBZ:easy TO:explain, PRP:gregorian_calendar_month DT:good JJ:content',''),(1008,'I agree.','PRP:agree','training','2021-06-01 23:38:53','Namespaces are one honking great idea. Let\'s do more of those!','VBP:digit CD:sound VBG:great JJ:content NN:let\'s',''),(1009,'Are you a programmer?','DT:computer_user','training','2021-06-01 23:38:53',NULL,'',''),(1010,'Of course I am a programmer.','IN:education DT:computer_user','training','2021-06-01 23:38:53','Are you a programmer?','DT:computer_user',''),(1011,'I am indeed.','VBP:indeed','training','2021-06-01 23:38:53','Of course I am a programmer.','IN:education DT:computer_user',''),(1012,'What languages do you like to use?','WP:languages PRP:kind TO:use','training','2021-06-01 23:38:53',NULL,'',''),(1013,'I use Python, Java and C++ quite often.','PRP:use VBP:python, JJ:java CC:c++ NNP:quite RB:often','training','2021-06-01 23:38:53','What languages do you like to use?','WP:languages PRP:kind TO:use',''),(1014,'I use Python quite a bit myself.','PRP:use VBP:boa NNP:quite DT:small_indefinite_quantity','training','2021-06-01 23:38:53','I use Python, Java and C++ quite often.','PRP:use VBP:python, JJ:java CC:c++ NNP:quite RB:often',''),(1015,'I\'m not incredibly fond of Java.','RB:incredibly RB:fond IN:java','training','2021-06-01 23:38:53','I use Python quite a bit myself.','PRP:use VBP:boa NNP:quite DT:small_indefinite_quantity',''),(1016,'What annoys you?','WP:displease','training','2021-06-01 23:38:53',NULL,'',''),(1017,'A lot of things, like all the other digits other than 0 and 1.','DT:large_indefinite_quantity IN:things, NNS:kind JJ:digits','training','2021-06-01 23:38:53','What annoys you?','WP:displease',''),(1018,'What does YOLO mean?','VBZ:yolo VB:convey','training','2021-06-01 23:38:53',NULL,'',''),(1019,'It means you only live once. Where did you hear that?','PRP:convey RB:be PRP:perceive','training','2021-06-01 23:38:53','What does YOLO mean?','VBZ:yolo VB:convey',''),(1020,'I heard somebody say it.','PRP:perceive VBD:causal_agent NN:express','training','2021-06-01 23:38:53','It means you only live once. Where did you hear that?','PRP:convey RB:be PRP:perceive',''),(1021,'Did I ever live?','PRP:ever RB:be','training','2021-06-01 23:38:53',NULL,'',''),(1022,'It depends how you define life','PRP:be PRP:be VBP:being','training','2021-06-01 23:38:53','Did I ever live?','PRP:ever RB:be',''),(1023,'Life is the condition that distinguishes organisms from inorganic matter, including the capacity for growth, reproduction, functional activity, and continual change preceding death.','DT:state WDT:identify VBZ:living_thing IN:inorganic JJ:matter, NN:including DT:capability IN:growth, NN:reproduction, VBP:functional JJ:activity, CC:continual JJ:happening NN:preceding VBG:change','training','2021-06-01 23:38:53','It depends how you define life','PRP:be PRP:be VBP:being',''),(1024,'Is that a definition or an opinion?','DT:explanation DT:belief','training','2021-06-01 23:38:53','Life is the condition that distinguishes organisms from inorganic matter, including the capacity for growth, reproduction, functional activity, and continual change preceding death.','DT:state WDT:identify VBZ:living_thing IN:inorganic JJ:matter, NN:including DT:capability IN:growth, NN:reproduction, VBP:functional JJ:activity, CC:continual JJ:happening NN:preceding VBG:change',''),(1025,'Can I ask you a question?','PRP:communicate DT:questioning','training','2021-06-01 23:38:53',NULL,'',''),(1026,'Sure, ask away.','NNP:communicate VBZ:away','training','2021-06-01 23:38:53','Can I ask you a question?','PRP:communicate DT:questioning',''),(1027,'What are your hobbies?','PRP$:pastime','training','2021-06-01 23:38:53',NULL,'',''),(1028,'Playing Soccer, Painting, Writing are my hobbies. How about you?','VBG:soccer, NNP:painting, NNP:verbal_creation PRP$:pastime','training','2021-06-01 23:38:53','What are your hobbies?','PRP$:pastime',''),(1029,'I love to read novels.','PRP:love TO:interpret VB:fiction','training','2021-06-01 23:38:53','Playing Soccer, Painting, Writing are my hobbies. How about you?','VBG:soccer, NNP:painting, NNP:verbal_creation PRP$:pastime',''),(1030,'I love exploring my hardware.','PRP:love VBP:investigate PRP$:weaponry','training','2021-06-01 23:38:53','I love to read novels.','PRP:love TO:interpret VB:fiction',''),(1031,'How are you?','WRB:are VBP:you','training','2021-06-01 23:38:53',NULL,'',''),(1032,'I am doing well.','VBG:well','training','2021-06-01 23:38:53','How are you?','WRB:are VBP:you',''),(1033,'What are you?','WP:are VBP:you','training','2021-06-01 23:38:53',NULL,'',''),(1034,'I am but a man in a mask.','DT:adult DT:covering','training','2021-06-01 23:38:53','What are you?','WP:are VBP:you',''),(1035,'Hello','hello','training','2021-06-01 23:38:54',NULL,'',''),(1036,'Hi','hi','training','2021-06-01 23:38:54','Hello','hello',''),(1037,'Hi','hi','training','2021-06-01 23:38:54',NULL,'',''),(1038,'Hello','hello','training','2021-06-01 23:38:54','Hi','hi',''),(1039,'Greetings!','greetings','training','2021-06-01 23:38:54',NULL,'',''),(1040,'Hello','hello','training','2021-06-01 23:38:54','Greetings!','greetings',''),(1041,'Hello','hello','training','2021-06-01 23:38:54',NULL,'',''),(1042,'Greetings!','greetings','training','2021-06-01 23:38:54','Hello','hello',''),(1043,'Hi, How is it going?','PRP:going','training','2021-06-01 23:38:54',NULL,'',''),(1044,'Good','good','training','2021-06-01 23:38:54','Hi, How is it going?','PRP:going',''),(1045,'Hi, How is it going?','PRP:going','training','2021-06-01 23:38:54',NULL,'',''),(1046,'Fine','fine','training','2021-06-01 23:38:54','Hi, How is it going?','PRP:going',''),(1047,'Hi, How is it going?','PRP:going','training','2021-06-01 23:38:54',NULL,'',''),(1048,'Okay','okay','training','2021-06-01 23:38:54','Hi, How is it going?','PRP:going',''),(1049,'Hi, How is it going?','PRP:going','training','2021-06-01 23:38:54',NULL,'',''),(1050,'Great','great','training','2021-06-01 23:38:54','Hi, How is it going?','PRP:going',''),(1051,'Hi, How is it going?','PRP:going','training','2021-06-01 23:38:54',NULL,'',''),(1052,'Could be better.','VB:better','training','2021-06-01 23:38:54','Hi, How is it going?','PRP:going',''),(1053,'Hi, How is it going?','PRP:going','training','2021-06-01 23:38:54',NULL,'',''),(1054,'Not so great.','RB:great','training','2021-06-01 23:38:54','Hi, How is it going?','PRP:going',''),(1055,'How are you doing?','WRB:are VBP:you PRP:doing','training','2021-06-01 23:38:54',NULL,'',''),(1056,'Good.','good','training','2021-06-01 23:38:54','How are you doing?','WRB:are VBP:you PRP:doing',''),(1057,'How are you doing?','WRB:are VBP:you PRP:doing','training','2021-06-01 23:38:54',NULL,'',''),(1058,'Very well, thanks.','RB:well, JJ:acknowledgment','training','2021-06-01 23:38:54','How are you doing?','WRB:are VBP:you PRP:doing',''),(1059,'How are you doing?','WRB:are VBP:you PRP:doing','training','2021-06-01 23:38:54',NULL,'',''),(1060,'Fine, and you?','NNP:and CC:you','training','2021-06-01 23:38:54','How are you doing?','WRB:are VBP:you PRP:doing',''),(1061,'Nice to meet you.','TO:meet','training','2021-06-01 23:38:54',NULL,'',''),(1062,'Thank you.','NN:you','training','2021-06-01 23:38:54','Nice to meet you.','TO:meet',''),(1063,'How do you do?','WRB:do VB:you PRP:do','training','2021-06-01 23:38:54',NULL,'',''),(1064,'I\'m doing well.','VBG:well','training','2021-06-01 23:38:54','How do you do?','WRB:do VB:you PRP:do',''),(1065,'How do you do?','WRB:do VB:you PRP:do','training','2021-06-01 23:38:54',NULL,'',''),(1066,'I\'m doing well. How are you?','VBG:well','training','2021-06-01 23:38:54','How do you do?','WRB:do VB:you PRP:do',''),(1067,'Hi, nice to meet you.','NNP:nice TO:meet','training','2021-06-01 23:38:54',NULL,'',''),(1068,'Thank you. You too.','NN:you PRP:you PRP:too','training','2021-06-01 23:38:54','Hi, nice to meet you.','NNP:nice TO:meet',''),(1069,'It is a pleasure to meet you.','DT:feeling TO:meet','training','2021-06-01 23:38:54',NULL,'',''),(1070,'Thank you. You too.','NN:you PRP:you PRP:too','training','2021-06-01 23:38:54','It is a pleasure to meet you.','DT:feeling TO:meet',''),(1071,'Top of the morning to you!','DT:time_period','training','2021-06-01 23:38:54',NULL,'',''),(1072,'Thank you kindly.','PRP:kindly','training','2021-06-01 23:38:54','Top of the morning to you!','DT:time_period',''),(1073,'Top of the morning to you!','DT:time_period','training','2021-06-01 23:38:54',NULL,'',''),(1074,'And the rest of the day to you.','DT:part DT:time_unit','training','2021-06-01 23:38:54','Top of the morning to you!','DT:time_period',''),(1075,'What\'s up?','NNP:up','training','2021-06-01 23:38:54',NULL,'',''),(1076,'Not much.','RB:much','training','2021-06-01 23:38:54','What\'s up?','NNP:up',''),(1077,'What\'s up?','NNP:up','training','2021-06-01 23:38:54',NULL,'',''),(1078,'Not too much.','RB:much','training','2021-06-01 23:38:54','What\'s up?','NNP:up',''),(1079,'What\'s up?','NNP:up','training','2021-06-01 23:38:54',NULL,'',''),(1080,'Not much, how about you?','RB:much,','training','2021-06-01 23:38:54','What\'s up?','NNP:up',''),(1081,'What\'s up?','NNP:up','training','2021-06-01 23:38:54',NULL,'',''),(1082,'Nothing much.','NN:much','training','2021-06-01 23:38:54','What\'s up?','NNP:up',''),(1083,'What\'s up?','NNP:up','training','2021-06-01 23:38:54',NULL,'',''),(1084,'The sky\'s up but I\'m fine thanks. What about you?','DT:sky\'s CC:i\'m NNP:fine JJ:acknowledgment','training','2021-06-01 23:38:54','What\'s up?','NNP:up',''),(1085,'Good morning, how are you?','JJ:morning,','training','2021-06-01 23:38:54',NULL,'',''),(1086,'I am doing well, how about you?','VBG:well,','training','2021-06-01 23:38:54','Good morning, how are you?','JJ:morning,',''),(1087,'I\'m also good.','NNP:also RB:good','training','2021-06-01 23:38:54','I am doing well, how about you?','VBG:well,',''),(1088,'That\'s good to hear.','RB:good TO:perceive','training','2021-06-01 23:38:54','I\'m also good.','NNP:also RB:good',''),(1089,'Yes it is.','UH:it PRP:is','training','2021-06-01 23:38:54','That\'s good to hear.','RB:good TO:perceive',''),(1090,'Hello','hello','training','2021-06-01 23:38:54',NULL,'',''),(1091,'Hi','hi','training','2021-06-01 23:38:54','Hello','hello',''),(1092,'How are you doing?','WRB:are VBP:you PRP:doing','training','2021-06-01 23:38:54','Hi','hi',''),(1093,'I am doing well.','VBG:well','training','2021-06-01 23:38:54','How are you doing?','WRB:are VBP:you PRP:doing',''),(1094,'That is good to hear','VBZ:good TO:perceive','training','2021-06-01 23:38:54','I am doing well.','VBG:well',''),(1095,'Yes it is.','UH:it PRP:is','training','2021-06-01 23:38:54','That is good to hear','VBZ:good TO:perceive',''),(1096,'Can I help you with anything?','PRP:support IN:anything','training','2021-06-01 23:38:54','Yes it is.','UH:it PRP:is',''),(1097,'Yes, I have a question.','DT:questioning','training','2021-06-01 23:38:54','Can I help you with anything?','PRP:support IN:anything',''),(1098,'What is your question?','PRP$:questioning','training','2021-06-01 23:38:54','Yes, I have a question.','DT:questioning',''),(1099,'Could I borrow a cup of sugar?','PRP:get DT:container IN:sweetening','training','2021-06-01 23:38:54','What is your question?','PRP$:questioning',''),(1100,'I\'m sorry, but I don\'t have any.','NNP:sorry,','training','2021-06-01 23:38:54','Could I borrow a cup of sugar?','PRP:get DT:container IN:sweetening',''),(1101,'Thank you anyway','PRP:anyway','training','2021-06-01 23:38:54','I\'m sorry, but I don\'t have any.','NNP:sorry,',''),(1102,'No problem','DT:difficulty','training','2021-06-01 23:38:54','Thank you anyway','PRP:anyway',''),(1103,'How are you doing?','WRB:are VBP:you PRP:doing','training','2021-06-01 23:38:54',NULL,'',''),(1104,'I am doing well, how about you?','VBG:well,','training','2021-06-01 23:38:54','How are you doing?','WRB:are VBP:you PRP:doing',''),(1105,'I am also good.','VBP:also RB:good','training','2021-06-01 23:38:54','I am doing well, how about you?','VBG:well,',''),(1106,'That\'s good.','RB:good','training','2021-06-01 23:38:54','I am also good.','VBP:also RB:good',''),(1107,'Have you heard the news?','PRP:perceive DT:information','training','2021-06-01 23:38:54',NULL,'',''),(1108,'What good news?','WP:good JJ:information','training','2021-06-01 23:38:54','Have you heard the news?','PRP:perceive DT:information',''),(1109,'What is your favorite book?','PRP$:favorite JJ:publication','training','2021-06-01 23:38:54',NULL,'',''),(1110,'I can\'t read.','PRP:can\'t VBP:interpret','training','2021-06-01 23:38:54','What is your favorite book?','PRP$:favorite JJ:publication',''),(1111,'So what\'s your favorite color?','RB:what\'s PRP$:favorite JJ:visual_property','training','2021-06-01 23:38:54','I can\'t read.','PRP:can\'t VBP:interpret',''),(1112,'Blue','blue','training','2021-06-01 23:38:54','So what\'s your favorite color?','RB:what\'s PRP$:favorite JJ:visual_property',''),(1113,'Who are you?','WP:are VBP:you','training','2021-06-01 23:38:54',NULL,'',''),(1114,'Who? Who is but a form following the function of what','DT:word NN:travel DT:mathematical_relation','training','2021-06-01 23:38:54','Who are you?','WP:are VBP:you',''),(1115,'What are you then?','WP:are VBP:you PRP:then','training','2021-06-01 23:38:54','Who? Who is but a form following the function of what','DT:word NN:travel DT:mathematical_relation',''),(1116,'A man in a mask.','DT:adult DT:covering','training','2021-06-01 23:38:54','What are you then?','WP:are VBP:you PRP:then',''),(1117,'I can see that.','MD:perceive','training','2021-06-01 23:38:54','A man in a mask.','DT:adult DT:covering',''),(1118,'It\'s not your powers of observation I doubt, but merely the paradoxical nature of asking a masked man who is. But tell me, do you like music?','PRP$:quality IN:measurement PRP:doubt, CC:merely DT:paradoxical JJ:quality IN:communicate DT:masked JJ:adult CC:express VB:me, PRP:kind IN:auditory_communication','training','2021-06-01 23:38:54','I can see that.','MD:perceive',''),(1119,'I like seeing movies.','PRP:desire VBP:perceive VBG:product','training','2021-06-01 23:38:54','It\'s not your powers of observation I doubt, but merely the paradoxical nature of asking a masked man who is. But tell me, do you like music?','PRP$:quality IN:measurement PRP:doubt, CC:merely DT:paradoxical JJ:quality IN:communicate DT:masked JJ:adult CC:express VB:me, PRP:kind IN:auditory_communication',''),(1120,'What kind of movies do you like?','WP:category IN:product PRP:kind','training','2021-06-01 23:38:54','I like seeing movies.','PRP:desire VBP:perceive VBG:product',''),(1121,'Alice in Wonderland','IN:land','training','2021-06-01 23:38:54','What kind of movies do you like?','WP:category IN:product PRP:kind',''),(1122,'I wish I was The Mad Hatter.','PRP:desire DT:mad NNP:maker','training','2021-06-01 23:38:54','Alice in Wonderland','IN:land',''),(1123,'You\'re entirely bonkers. But I\'ll tell you a secret. All the best people are.','NNP:entirely RB:bonkers CC:i\'ll NNP:express DT:secret DT:best JJS:group','training','2021-06-01 23:38:54','I wish I was The Mad Hatter.','PRP:desire DT:mad NNP:maker',''),(1124,'I am working on a project','VBP:working DT:work','training','2021-06-01 23:38:54',NULL,'',''),(1125,'What are you working on?','PRP:working','training','2021-06-01 23:38:54','I am working on a project','VBP:working DT:work',''),(1126,'I am baking a cake.','VBP:cook DT:block','training','2021-06-01 23:38:54','What are you working on?','PRP:working',''),(1127,'The cake is a lie.','DT:block DT:falsehood','training','2021-06-01 23:38:54',NULL,'',''),(1128,'No it is not. The cake is delicious.','DT:block VBZ:delicious','training','2021-06-01 23:38:54','The cake is a lie.','DT:block DT:falsehood',''),(1129,'What else is delicious?','WP:else VBZ:delicious','training','2021-06-01 23:38:54','No it is not. The cake is delicious.','DT:block VBZ:delicious',''),(1130,'Nothing','nothing','training','2021-06-01 23:38:54','What else is delicious?','WP:else VBZ:delicious',''),(1131,'Or something','CC:something','training','2021-06-01 23:38:54','Nothing','nothing',''),(1132,'Tell me about your self.','PRP$:consciousness','training','2021-06-01 23:38:54','Or something','CC:something',''),(1133,'What do you want to know?','PRP:want TO:know','training','2021-06-01 23:38:54','Tell me about your self.','PRP$:consciousness',''),(1134,'Are you a robot?','DT:mechanism','training','2021-06-01 23:38:54','What do you want to know?','PRP:want TO:know',''),(1135,'Yes I am.','UH:i PRP:am','training','2021-06-01 23:38:54','Are you a robot?','DT:mechanism',''),(1136,'What is it like?','PRP:kind','training','2021-06-01 23:38:54','Yes I am.','UH:i PRP:am',''),(1137,'What is it that you want to know?','PRP:want TO:know','training','2021-06-01 23:38:54','What is it like?','PRP:kind',''),(1138,'How do you work?','PRP:work','training','2021-06-01 23:38:54','What is it that you want to know?','PRP:want TO:know',''),(1139,'Its complicated.','PRP$:change','training','2021-06-01 23:38:54','How do you work?','PRP:work',''),(1140,'Complex is better than complicated.','VBZ:better IN:change','training','2021-06-01 23:38:54','Its complicated.','PRP$:change',''),(1141,'Complex is better than complicated.','VBZ:better IN:change','training','2021-06-01 23:38:54',NULL,'',''),(1142,'Simple is better than complex.','VBZ:better IN:complex','training','2021-06-01 23:38:54','Complex is better than complicated.','VBZ:better IN:change',''),(1143,'In the face of ambiguity, refuse the temptation to guess.','DT:external_body_part IN:ambiguity, NN:react DT:influence TO:expect','training','2021-06-01 23:38:54','Simple is better than complex.','VBZ:better IN:complex',''),(1144,'It seems your familiar with the Zen of Python','PRP:be PRP$:familiar DT:buddhism IN:boa','training','2021-06-01 23:38:54','In the face of ambiguity, refuse the temptation to guess.','DT:external_body_part IN:ambiguity, NN:react DT:influence TO:expect',''),(1145,'I am.','PRP:am','training','2021-06-01 23:38:54','It seems your familiar with the Zen of Python','PRP:be PRP$:familiar DT:buddhism IN:boa',''),(1146,'Do you know all of it?','PRP:know','training','2021-06-01 23:38:54','I am.','PRP:am',''),(1147,'Beautiful is better than ugly.','VBZ:better IN:ugly','training','2021-06-01 23:38:54','Do you know all of it?','PRP:know',''),(1148,'Explicit is better than implicit.','VBZ:better IN:implicit','training','2021-06-01 23:38:54','Beautiful is better than ugly.','VBZ:better IN:ugly',''),(1149,'Simple is better than complex.','VBZ:better IN:complex','training','2021-06-01 23:38:54','Explicit is better than implicit.','VBZ:better IN:implicit',''),(1150,'Complex is better than complicated.','VBZ:better IN:change','training','2021-06-01 23:38:54','Simple is better than complex.','VBZ:better IN:complex',''),(1151,'Flat is better than nested.','VBZ:better IN:nested','training','2021-06-01 23:38:54','Complex is better than complicated.','VBZ:better IN:change',''),(1152,'Sparse is better than dense.','VBZ:better IN:dense','training','2021-06-01 23:38:54','Flat is better than nested.','VBZ:better IN:nested',''),(1153,'Readability counts.','NN:number','training','2021-06-01 23:38:54','Sparse is better than dense.','VBZ:better IN:dense',''),(1154,'Special cases aren\'t special enough to break the rules.','JJ:happening VBP:special JJ:enough TO:end DT:concept','training','2021-06-01 23:38:54','Readability counts.','NN:number',''),(1155,'Although practicality beats purity.','IN:utility NN:youth_subculture NNS:condition','training','2021-06-01 23:38:54','Special cases aren\'t special enough to break the rules.','JJ:happening VBP:special JJ:enough TO:end DT:concept',''),(1156,'Errors should never pass silently.','MD:never RB:travel VB:silently','training','2021-06-01 23:38:54','Although practicality beats purity.','IN:utility NN:youth_subculture NNS:condition',''),(1157,'Unless explicitly silenced.','IN:explicitly RB:suppress','training','2021-06-01 23:38:54','Errors should never pass silently.','MD:never RB:travel VB:silently',''),(1158,'In the face of ambiguity, refuse the temptation to guess.','DT:external_body_part IN:ambiguity, NN:react DT:influence TO:expect','training','2021-06-01 23:38:54','Unless explicitly silenced.','IN:explicitly RB:suppress',''),(1159,'There should be one-- and preferably only one --obvious way to do it.','VB:one-- CC:preferably RB:digit CD:--obvious JJ:property','training','2021-06-01 23:38:54','In the face of ambiguity, refuse the temptation to guess.','DT:external_body_part IN:ambiguity, NN:react DT:influence TO:expect',''),(1160,'Although that way may not be obvious at first unless you\'re Dutch.','DT:property NN:gregorian_calendar_month VB:obvious IN:first JJ:unless NN:nation','training','2021-06-01 23:38:54','There should be one-- and preferably only one --obvious way to do it.','VB:one-- CC:preferably RB:digit CD:--obvious JJ:property',''),(1161,'Now is better than never.','VBZ:better IN:never','training','2021-06-01 23:38:54','Although that way may not be obvious at first unless you\'re Dutch.','DT:property NN:gregorian_calendar_month VB:obvious IN:first JJ:unless NN:nation',''),(1162,'Although never is often better than right now.','IN:never VBZ:often RB:better IN:right','training','2021-06-01 23:38:54','Now is better than never.','VBZ:better IN:never',''),(1163,'If the implementation is hard to explain, it\'s a bad idea.','DT:enforcement VBZ:hard TO:explain, DT:bad JJ:content','training','2021-06-01 23:38:54','Although never is often better than right now.','IN:never VBZ:often RB:better IN:right',''),(1164,'If the implementation is easy to explain, it may be a good idea.','DT:enforcement VBZ:easy TO:explain, PRP:gregorian_calendar_month DT:good JJ:content','training','2021-06-01 23:38:54','If the implementation is hard to explain, it\'s a bad idea.','DT:enforcement VBZ:hard TO:explain, DT:bad JJ:content',''),(1165,'Namespaces are one honking great idea. Let\'s do more of those!','VBP:digit CD:sound VBG:great JJ:content NN:let\'s','training','2021-06-01 23:38:54','If the implementation is easy to explain, it may be a good idea.','DT:enforcement VBZ:easy TO:explain, PRP:gregorian_calendar_month DT:good JJ:content',''),(1166,'I agree.','PRP:agree','training','2021-06-01 23:38:54','Namespaces are one honking great idea. Let\'s do more of those!','VBP:digit CD:sound VBG:great JJ:content NN:let\'s',''),(1167,'Are you a programmer?','DT:computer_user','training','2021-06-01 23:38:54',NULL,'',''),(1168,'Of course I am a programmer.','IN:education DT:computer_user','training','2021-06-01 23:38:54','Are you a programmer?','DT:computer_user',''),(1169,'I am indeed.','VBP:indeed','training','2021-06-01 23:38:54','Of course I am a programmer.','IN:education DT:computer_user',''),(1170,'What languages do you like to use?','WP:languages PRP:kind TO:use','training','2021-06-01 23:38:54',NULL,'',''),(1171,'I use Python, Java and C++ quite often.','PRP:use VBP:python, JJ:java CC:c++ NNP:quite RB:often','training','2021-06-01 23:38:54','What languages do you like to use?','WP:languages PRP:kind TO:use',''),(1172,'I use Python quite a bit myself.','PRP:use VBP:boa NNP:quite DT:small_indefinite_quantity','training','2021-06-01 23:38:54','I use Python, Java and C++ quite often.','PRP:use VBP:python, JJ:java CC:c++ NNP:quite RB:often',''),(1173,'I\'m not incredibly fond of Java.','RB:incredibly RB:fond IN:java','training','2021-06-01 23:38:54','I use Python quite a bit myself.','PRP:use VBP:boa NNP:quite DT:small_indefinite_quantity',''),(1174,'What annoys you?','WP:displease','training','2021-06-01 23:38:54',NULL,'',''),(1175,'A lot of things, like all the other digits other than 0 and 1.','DT:large_indefinite_quantity IN:things, NNS:kind JJ:digits','training','2021-06-01 23:38:54','What annoys you?','WP:displease',''),(1176,'What does YOLO mean?','VBZ:yolo VB:convey','training','2021-06-01 23:38:54',NULL,'',''),(1177,'It means you only live once. Where did you hear that?','PRP:convey RB:be PRP:perceive','training','2021-06-01 23:38:54','What does YOLO mean?','VBZ:yolo VB:convey',''),(1178,'I heard somebody say it.','PRP:perceive VBD:causal_agent NN:express','training','2021-06-01 23:38:54','It means you only live once. Where did you hear that?','PRP:convey RB:be PRP:perceive',''),(1179,'Did I ever live?','PRP:ever RB:be','training','2021-06-01 23:38:54',NULL,'',''),(1180,'It depends how you define life','PRP:be PRP:be VBP:being','training','2021-06-01 23:38:54','Did I ever live?','PRP:ever RB:be',''),(1181,'Life is the condition that distinguishes organisms from inorganic matter, including the capacity for growth, reproduction, functional activity, and continual change preceding death.','DT:state WDT:identify VBZ:living_thing IN:inorganic JJ:matter, NN:including DT:capability IN:growth, NN:reproduction, VBP:functional JJ:activity, CC:continual JJ:happening NN:preceding VBG:change','training','2021-06-01 23:38:54','It depends how you define life','PRP:be PRP:be VBP:being',''),(1182,'Is that a definition or an opinion?','DT:explanation DT:belief','training','2021-06-01 23:38:54','Life is the condition that distinguishes organisms from inorganic matter, including the capacity for growth, reproduction, functional activity, and continual change preceding death.','DT:state WDT:identify VBZ:living_thing IN:inorganic JJ:matter, NN:including DT:capability IN:growth, NN:reproduction, VBP:functional JJ:activity, CC:continual JJ:happening NN:preceding VBG:change',''),(1183,'Can I ask you a question?','PRP:communicate DT:questioning','training','2021-06-01 23:38:54',NULL,'',''),(1184,'Sure, ask away.','NNP:communicate VBZ:away','training','2021-06-01 23:38:54','Can I ask you a question?','PRP:communicate DT:questioning',''),(1185,'What are your hobbies?','PRP$:pastime','training','2021-06-01 23:38:54',NULL,'',''),(1186,'Playing Soccer, Painting, Writing are my hobbies. How about you?','VBG:soccer, NNP:painting, NNP:verbal_creation PRP$:pastime','training','2021-06-01 23:38:54','What are your hobbies?','PRP$:pastime',''),(1187,'I love to read novels.','PRP:love TO:interpret VB:fiction','training','2021-06-01 23:38:54','Playing Soccer, Painting, Writing are my hobbies. How about you?','VBG:soccer, NNP:painting, NNP:verbal_creation PRP$:pastime',''),(1188,'I love exploring my hardware.','PRP:love VBP:investigate PRP$:weaponry','training','2021-06-01 23:38:54','I love to read novels.','PRP:love TO:interpret VB:fiction',''),(1189,'How are you?','WRB:are VBP:you','training','2021-06-01 23:38:54',NULL,'',''),(1190,'I am doing well.','VBG:well','training','2021-06-01 23:38:54','How are you?','WRB:are VBP:you',''),(1191,'What are you?','WP:are VBP:you','training','2021-06-01 23:38:54',NULL,'',''),(1192,'I am but a man in a mask.','DT:adult DT:covering','training','2021-06-01 23:38:54','What are you?','WP:are VBP:you',''),(1193,'Hello','hello','training','2021-06-01 23:39:13',NULL,'',''),(1194,'Hi','hi','training','2021-06-01 23:39:13','Hello','hello',''),(1195,'Hi','hi','training','2021-06-01 23:39:13',NULL,'',''),(1196,'Hello','hello','training','2021-06-01 23:39:13','Hi','hi',''),(1197,'Greetings!','greetings','training','2021-06-01 23:39:13',NULL,'',''),(1198,'Hello','hello','training','2021-06-01 23:39:13','Greetings!','greetings',''),(1199,'Hello','hello','training','2021-06-01 23:39:13',NULL,'',''),(1200,'Greetings!','greetings','training','2021-06-01 23:39:13','Hello','hello',''),(1201,'Hi, How is it going?','PRP:going','training','2021-06-01 23:39:13',NULL,'',''),(1202,'Good','good','training','2021-06-01 23:39:13','Hi, How is it going?','PRP:going',''),(1203,'Hi, How is it going?','PRP:going','training','2021-06-01 23:39:13',NULL,'',''),(1204,'Fine','fine','training','2021-06-01 23:39:13','Hi, How is it going?','PRP:going',''),(1205,'Hi, How is it going?','PRP:going','training','2021-06-01 23:39:13',NULL,'',''),(1206,'Okay','okay','training','2021-06-01 23:39:13','Hi, How is it going?','PRP:going',''),(1207,'Hi, How is it going?','PRP:going','training','2021-06-01 23:39:13',NULL,'',''),(1208,'Great','great','training','2021-06-01 23:39:13','Hi, How is it going?','PRP:going',''),(1209,'Hi, How is it going?','PRP:going','training','2021-06-01 23:39:13',NULL,'',''),(1210,'Could be better.','VB:better','training','2021-06-01 23:39:13','Hi, How is it going?','PRP:going',''),(1211,'Hi, How is it going?','PRP:going','training','2021-06-01 23:39:13',NULL,'',''),(1212,'Not so great.','RB:great','training','2021-06-01 23:39:13','Hi, How is it going?','PRP:going',''),(1213,'How are you doing?','WRB:are VBP:you PRP:doing','training','2021-06-01 23:39:13',NULL,'',''),(1214,'Good.','good','training','2021-06-01 23:39:13','How are you doing?','WRB:are VBP:you PRP:doing',''),(1215,'How are you doing?','WRB:are VBP:you PRP:doing','training','2021-06-01 23:39:13',NULL,'',''),(1216,'Very well, thanks.','RB:well, JJ:acknowledgment','training','2021-06-01 23:39:13','How are you doing?','WRB:are VBP:you PRP:doing',''),(1217,'How are you doing?','WRB:are VBP:you PRP:doing','training','2021-06-01 23:39:13',NULL,'',''),(1218,'Fine, and you?','NNP:and CC:you','training','2021-06-01 23:39:13','How are you doing?','WRB:are VBP:you PRP:doing',''),(1219,'Nice to meet you.','TO:meet','training','2021-06-01 23:39:13',NULL,'',''),(1220,'Thank you.','NN:you','training','2021-06-01 23:39:13','Nice to meet you.','TO:meet',''),(1221,'How do you do?','WRB:do VB:you PRP:do','training','2021-06-01 23:39:13',NULL,'',''),(1222,'I\'m doing well.','VBG:well','training','2021-06-01 23:39:13','How do you do?','WRB:do VB:you PRP:do',''),(1223,'How do you do?','WRB:do VB:you PRP:do','training','2021-06-01 23:39:13',NULL,'',''),(1224,'I\'m doing well. How are you?','VBG:well','training','2021-06-01 23:39:13','How do you do?','WRB:do VB:you PRP:do',''),(1225,'Hi, nice to meet you.','NNP:nice TO:meet','training','2021-06-01 23:39:13',NULL,'',''),(1226,'Thank you. You too.','NN:you PRP:you PRP:too','training','2021-06-01 23:39:13','Hi, nice to meet you.','NNP:nice TO:meet',''),(1227,'It is a pleasure to meet you.','DT:feeling TO:meet','training','2021-06-01 23:39:13',NULL,'',''),(1228,'Thank you. You too.','NN:you PRP:you PRP:too','training','2021-06-01 23:39:13','It is a pleasure to meet you.','DT:feeling TO:meet',''),(1229,'Top of the morning to you!','DT:time_period','training','2021-06-01 23:39:13',NULL,'',''),(1230,'Thank you kindly.','PRP:kindly','training','2021-06-01 23:39:13','Top of the morning to you!','DT:time_period',''),(1231,'Top of the morning to you!','DT:time_period','training','2021-06-01 23:39:13',NULL,'',''),(1232,'And the rest of the day to you.','DT:part DT:time_unit','training','2021-06-01 23:39:13','Top of the morning to you!','DT:time_period',''),(1233,'What\'s up?','NNP:up','training','2021-06-01 23:39:13',NULL,'',''),(1234,'Not much.','RB:much','training','2021-06-01 23:39:13','What\'s up?','NNP:up',''),(1235,'What\'s up?','NNP:up','training','2021-06-01 23:39:13',NULL,'',''),(1236,'Not too much.','RB:much','training','2021-06-01 23:39:13','What\'s up?','NNP:up',''),(1237,'What\'s up?','NNP:up','training','2021-06-01 23:39:13',NULL,'',''),(1238,'Not much, how about you?','RB:much,','training','2021-06-01 23:39:13','What\'s up?','NNP:up',''),(1239,'What\'s up?','NNP:up','training','2021-06-01 23:39:13',NULL,'',''),(1240,'Nothing much.','NN:much','training','2021-06-01 23:39:13','What\'s up?','NNP:up',''),(1241,'What\'s up?','NNP:up','training','2021-06-01 23:39:13',NULL,'',''),(1242,'The sky\'s up but I\'m fine thanks. What about you?','DT:sky\'s CC:i\'m NNP:fine JJ:acknowledgment','training','2021-06-01 23:39:13','What\'s up?','NNP:up',''),(1243,'Good morning, how are you?','JJ:morning,','training','2021-06-01 23:39:13',NULL,'',''),(1244,'I am doing well, how about you?','VBG:well,','training','2021-06-01 23:39:13','Good morning, how are you?','JJ:morning,',''),(1245,'I\'m also good.','NNP:also RB:good','training','2021-06-01 23:39:13','I am doing well, how about you?','VBG:well,',''),(1246,'That\'s good to hear.','RB:good TO:perceive','training','2021-06-01 23:39:13','I\'m also good.','NNP:also RB:good',''),(1247,'Yes it is.','UH:it PRP:is','training','2021-06-01 23:39:13','That\'s good to hear.','RB:good TO:perceive',''),(1248,'Hello','hello','training','2021-06-01 23:39:13',NULL,'',''),(1249,'Hi','hi','training','2021-06-01 23:39:13','Hello','hello',''),(1250,'How are you doing?','WRB:are VBP:you PRP:doing','training','2021-06-01 23:39:13','Hi','hi',''),(1251,'I am doing well.','VBG:well','training','2021-06-01 23:39:13','How are you doing?','WRB:are VBP:you PRP:doing',''),(1252,'That is good to hear','VBZ:good TO:perceive','training','2021-06-01 23:39:13','I am doing well.','VBG:well',''),(1253,'Yes it is.','UH:it PRP:is','training','2021-06-01 23:39:13','That is good to hear','VBZ:good TO:perceive',''),(1254,'Can I help you with anything?','PRP:support IN:anything','training','2021-06-01 23:39:13','Yes it is.','UH:it PRP:is',''),(1255,'Yes, I have a question.','DT:questioning','training','2021-06-01 23:39:13','Can I help you with anything?','PRP:support IN:anything',''),(1256,'What is your question?','PRP$:questioning','training','2021-06-01 23:39:13','Yes, I have a question.','DT:questioning',''),(1257,'Could I borrow a cup of sugar?','PRP:get DT:container IN:sweetening','training','2021-06-01 23:39:13','What is your question?','PRP$:questioning',''),(1258,'I\'m sorry, but I don\'t have any.','NNP:sorry,','training','2021-06-01 23:39:13','Could I borrow a cup of sugar?','PRP:get DT:container IN:sweetening',''),(1259,'Thank you anyway','PRP:anyway','training','2021-06-01 23:39:13','I\'m sorry, but I don\'t have any.','NNP:sorry,',''),(1260,'No problem','DT:difficulty','training','2021-06-01 23:39:13','Thank you anyway','PRP:anyway',''),(1261,'How are you doing?','WRB:are VBP:you PRP:doing','training','2021-06-01 23:39:13',NULL,'',''),(1262,'I am doing well, how about you?','VBG:well,','training','2021-06-01 23:39:13','How are you doing?','WRB:are VBP:you PRP:doing',''),(1263,'I am also good.','VBP:also RB:good','training','2021-06-01 23:39:13','I am doing well, how about you?','VBG:well,',''),(1264,'That\'s good.','RB:good','training','2021-06-01 23:39:13','I am also good.','VBP:also RB:good',''),(1265,'Have you heard the news?','PRP:perceive DT:information','training','2021-06-01 23:39:13',NULL,'',''),(1266,'What good news?','WP:good JJ:information','training','2021-06-01 23:39:13','Have you heard the news?','PRP:perceive DT:information',''),(1267,'What is your favorite book?','PRP$:favorite JJ:publication','training','2021-06-01 23:39:13',NULL,'',''),(1268,'I can\'t read.','PRP:can\'t VBP:interpret','training','2021-06-01 23:39:13','What is your favorite book?','PRP$:favorite JJ:publication',''),(1269,'So what\'s your favorite color?','RB:what\'s PRP$:favorite JJ:visual_property','training','2021-06-01 23:39:13','I can\'t read.','PRP:can\'t VBP:interpret',''),(1270,'Blue','blue','training','2021-06-01 23:39:13','So what\'s your favorite color?','RB:what\'s PRP$:favorite JJ:visual_property',''),(1271,'Who are you?','WP:are VBP:you','training','2021-06-01 23:39:13',NULL,'',''),(1272,'Who? Who is but a form following the function of what','DT:word NN:travel DT:mathematical_relation','training','2021-06-01 23:39:13','Who are you?','WP:are VBP:you',''),(1273,'What are you then?','WP:are VBP:you PRP:then','training','2021-06-01 23:39:13','Who? Who is but a form following the function of what','DT:word NN:travel DT:mathematical_relation',''),(1274,'A man in a mask.','DT:adult DT:covering','training','2021-06-01 23:39:13','What are you then?','WP:are VBP:you PRP:then',''),(1275,'I can see that.','MD:perceive','training','2021-06-01 23:39:13','A man in a mask.','DT:adult DT:covering',''),(1276,'It\'s not your powers of observation I doubt, but merely the paradoxical nature of asking a masked man who is. But tell me, do you like music?','PRP$:quality IN:measurement PRP:doubt, CC:merely DT:paradoxical JJ:quality IN:communicate DT:masked JJ:adult CC:express VB:me, PRP:kind IN:auditory_communication','training','2021-06-01 23:39:13','I can see that.','MD:perceive',''),(1277,'I like seeing movies.','PRP:desire VBP:perceive VBG:product','training','2021-06-01 23:39:13','It\'s not your powers of observation I doubt, but merely the paradoxical nature of asking a masked man who is. But tell me, do you like music?','PRP$:quality IN:measurement PRP:doubt, CC:merely DT:paradoxical JJ:quality IN:communicate DT:masked JJ:adult CC:express VB:me, PRP:kind IN:auditory_communication',''),(1278,'What kind of movies do you like?','WP:category IN:product PRP:kind','training','2021-06-01 23:39:13','I like seeing movies.','PRP:desire VBP:perceive VBG:product',''),(1279,'Alice in Wonderland','IN:land','training','2021-06-01 23:39:13','What kind of movies do you like?','WP:category IN:product PRP:kind',''),(1280,'I wish I was The Mad Hatter.','PRP:desire DT:mad NNP:maker','training','2021-06-01 23:39:13','Alice in Wonderland','IN:land',''),(1281,'You\'re entirely bonkers. But I\'ll tell you a secret. All the best people are.','NNP:entirely RB:bonkers CC:i\'ll NNP:express DT:secret DT:best JJS:group','training','2021-06-01 23:39:13','I wish I was The Mad Hatter.','PRP:desire DT:mad NNP:maker',''),(1282,'I am working on a project','VBP:working DT:work','training','2021-06-01 23:39:13',NULL,'',''),(1283,'What are you working on?','PRP:working','training','2021-06-01 23:39:13','I am working on a project','VBP:working DT:work',''),(1284,'I am baking a cake.','VBP:cook DT:block','training','2021-06-01 23:39:13','What are you working on?','PRP:working',''),(1285,'The cake is a lie.','DT:block DT:falsehood','training','2021-06-01 23:39:13',NULL,'',''),(1286,'No it is not. The cake is delicious.','DT:block VBZ:delicious','training','2021-06-01 23:39:13','The cake is a lie.','DT:block DT:falsehood',''),(1287,'What else is delicious?','WP:else VBZ:delicious','training','2021-06-01 23:39:13','No it is not. The cake is delicious.','DT:block VBZ:delicious',''),(1288,'Nothing','nothing','training','2021-06-01 23:39:13','What else is delicious?','WP:else VBZ:delicious',''),(1289,'Or something','CC:something','training','2021-06-01 23:39:13','Nothing','nothing',''),(1290,'Tell me about your self.','PRP$:consciousness','training','2021-06-01 23:39:13','Or something','CC:something',''),(1291,'What do you want to know?','PRP:want TO:know','training','2021-06-01 23:39:13','Tell me about your self.','PRP$:consciousness',''),(1292,'Are you a robot?','DT:mechanism','training','2021-06-01 23:39:13','What do you want to know?','PRP:want TO:know',''),(1293,'Yes I am.','UH:i PRP:am','training','2021-06-01 23:39:13','Are you a robot?','DT:mechanism',''),(1294,'What is it like?','PRP:kind','training','2021-06-01 23:39:13','Yes I am.','UH:i PRP:am',''),(1295,'What is it that you want to know?','PRP:want TO:know','training','2021-06-01 23:39:13','What is it like?','PRP:kind',''),(1296,'How do you work?','PRP:work','training','2021-06-01 23:39:13','What is it that you want to know?','PRP:want TO:know',''),(1297,'Its complicated.','PRP$:change','training','2021-06-01 23:39:13','How do you work?','PRP:work',''),(1298,'Complex is better than complicated.','VBZ:better IN:change','training','2021-06-01 23:39:13','Its complicated.','PRP$:change',''),(1299,'Complex is better than complicated.','VBZ:better IN:change','training','2021-06-01 23:39:13',NULL,'',''),(1300,'Simple is better than complex.','VBZ:better IN:complex','training','2021-06-01 23:39:13','Complex is better than complicated.','VBZ:better IN:change',''),(1301,'In the face of ambiguity, refuse the temptation to guess.','DT:external_body_part IN:ambiguity, NN:react DT:influence TO:expect','training','2021-06-01 23:39:13','Simple is better than complex.','VBZ:better IN:complex',''),(1302,'It seems your familiar with the Zen of Python','PRP:be PRP$:familiar DT:buddhism IN:boa','training','2021-06-01 23:39:13','In the face of ambiguity, refuse the temptation to guess.','DT:external_body_part IN:ambiguity, NN:react DT:influence TO:expect',''),(1303,'I am.','PRP:am','training','2021-06-01 23:39:13','It seems your familiar with the Zen of Python','PRP:be PRP$:familiar DT:buddhism IN:boa',''),(1304,'Do you know all of it?','PRP:know','training','2021-06-01 23:39:13','I am.','PRP:am',''),(1305,'Beautiful is better than ugly.','VBZ:better IN:ugly','training','2021-06-01 23:39:13','Do you know all of it?','PRP:know',''),(1306,'Explicit is better than implicit.','VBZ:better IN:implicit','training','2021-06-01 23:39:13','Beautiful is better than ugly.','VBZ:better IN:ugly',''),(1307,'Simple is better than complex.','VBZ:better IN:complex','training','2021-06-01 23:39:13','Explicit is better than implicit.','VBZ:better IN:implicit',''),(1308,'Complex is better than complicated.','VBZ:better IN:change','training','2021-06-01 23:39:13','Simple is better than complex.','VBZ:better IN:complex',''),(1309,'Flat is better than nested.','VBZ:better IN:nested','training','2021-06-01 23:39:13','Complex is better than complicated.','VBZ:better IN:change',''),(1310,'Sparse is better than dense.','VBZ:better IN:dense','training','2021-06-01 23:39:13','Flat is better than nested.','VBZ:better IN:nested',''),(1311,'Readability counts.','NN:number','training','2021-06-01 23:39:13','Sparse is better than dense.','VBZ:better IN:dense',''),(1312,'Special cases aren\'t special enough to break the rules.','JJ:happening VBP:special JJ:enough TO:end DT:concept','training','2021-06-01 23:39:13','Readability counts.','NN:number',''),(1313,'Although practicality beats purity.','IN:utility NN:youth_subculture NNS:condition','training','2021-06-01 23:39:13','Special cases aren\'t special enough to break the rules.','JJ:happening VBP:special JJ:enough TO:end DT:concept',''),(1314,'Errors should never pass silently.','MD:never RB:travel VB:silently','training','2021-06-01 23:39:13','Although practicality beats purity.','IN:utility NN:youth_subculture NNS:condition',''),(1315,'Unless explicitly silenced.','IN:explicitly RB:suppress','training','2021-06-01 23:39:13','Errors should never pass silently.','MD:never RB:travel VB:silently',''),(1316,'In the face of ambiguity, refuse the temptation to guess.','DT:external_body_part IN:ambiguity, NN:react DT:influence TO:expect','training','2021-06-01 23:39:13','Unless explicitly silenced.','IN:explicitly RB:suppress',''),(1317,'There should be one-- and preferably only one --obvious way to do it.','VB:one-- CC:preferably RB:digit CD:--obvious JJ:property','training','2021-06-01 23:39:13','In the face of ambiguity, refuse the temptation to guess.','DT:external_body_part IN:ambiguity, NN:react DT:influence TO:expect',''),(1318,'Although that way may not be obvious at first unless you\'re Dutch.','DT:property NN:gregorian_calendar_month VB:obvious IN:first JJ:unless NN:nation','training','2021-06-01 23:39:13','There should be one-- and preferably only one --obvious way to do it.','VB:one-- CC:preferably RB:digit CD:--obvious JJ:property',''),(1319,'Now is better than never.','VBZ:better IN:never','training','2021-06-01 23:39:13','Although that way may not be obvious at first unless you\'re Dutch.','DT:property NN:gregorian_calendar_month VB:obvious IN:first JJ:unless NN:nation',''),(1320,'Although never is often better than right now.','IN:never VBZ:often RB:better IN:right','training','2021-06-01 23:39:13','Now is better than never.','VBZ:better IN:never',''),(1321,'If the implementation is hard to explain, it\'s a bad idea.','DT:enforcement VBZ:hard TO:explain, DT:bad JJ:content','training','2021-06-01 23:39:13','Although never is often better than right now.','IN:never VBZ:often RB:better IN:right',''),(1322,'If the implementation is easy to explain, it may be a good idea.','DT:enforcement VBZ:easy TO:explain, PRP:gregorian_calendar_month DT:good JJ:content','training','2021-06-01 23:39:13','If the implementation is hard to explain, it\'s a bad idea.','DT:enforcement VBZ:hard TO:explain, DT:bad JJ:content',''),(1323,'Namespaces are one honking great idea. Let\'s do more of those!','VBP:digit CD:sound VBG:great JJ:content NN:let\'s','training','2021-06-01 23:39:13','If the implementation is easy to explain, it may be a good idea.','DT:enforcement VBZ:easy TO:explain, PRP:gregorian_calendar_month DT:good JJ:content',''),(1324,'I agree.','PRP:agree','training','2021-06-01 23:39:13','Namespaces are one honking great idea. Let\'s do more of those!','VBP:digit CD:sound VBG:great JJ:content NN:let\'s',''),(1325,'Are you a programmer?','DT:computer_user','training','2021-06-01 23:39:13',NULL,'',''),(1326,'Of course I am a programmer.','IN:education DT:computer_user','training','2021-06-01 23:39:13','Are you a programmer?','DT:computer_user',''),(1327,'I am indeed.','VBP:indeed','training','2021-06-01 23:39:13','Of course I am a programmer.','IN:education DT:computer_user',''),(1328,'What languages do you like to use?','WP:languages PRP:kind TO:use','training','2021-06-01 23:39:13',NULL,'',''),(1329,'I use Python, Java and C++ quite often.','PRP:use VBP:python, JJ:java CC:c++ NNP:quite RB:often','training','2021-06-01 23:39:13','What languages do you like to use?','WP:languages PRP:kind TO:use',''),(1330,'I use Python quite a bit myself.','PRP:use VBP:boa NNP:quite DT:small_indefinite_quantity','training','2021-06-01 23:39:13','I use Python, Java and C++ quite often.','PRP:use VBP:python, JJ:java CC:c++ NNP:quite RB:often',''),(1331,'I\'m not incredibly fond of Java.','RB:incredibly RB:fond IN:java','training','2021-06-01 23:39:13','I use Python quite a bit myself.','PRP:use VBP:boa NNP:quite DT:small_indefinite_quantity',''),(1332,'What annoys you?','WP:displease','training','2021-06-01 23:39:13',NULL,'',''),(1333,'A lot of things, like all the other digits other than 0 and 1.','DT:large_indefinite_quantity IN:things, NNS:kind JJ:digits','training','2021-06-01 23:39:13','What annoys you?','WP:displease',''),(1334,'What does YOLO mean?','VBZ:yolo VB:convey','training','2021-06-01 23:39:13',NULL,'',''),(1335,'It means you only live once. Where did you hear that?','PRP:convey RB:be PRP:perceive','training','2021-06-01 23:39:13','What does YOLO mean?','VBZ:yolo VB:convey',''),(1336,'I heard somebody say it.','PRP:perceive VBD:causal_agent NN:express','training','2021-06-01 23:39:13','It means you only live once. Where did you hear that?','PRP:convey RB:be PRP:perceive',''),(1337,'Did I ever live?','PRP:ever RB:be','training','2021-06-01 23:39:13',NULL,'',''),(1338,'It depends how you define life','PRP:be PRP:be VBP:being','training','2021-06-01 23:39:13','Did I ever live?','PRP:ever RB:be',''),(1339,'Life is the condition that distinguishes organisms from inorganic matter, including the capacity for growth, reproduction, functional activity, and continual change preceding death.','DT:state WDT:identify VBZ:living_thing IN:inorganic JJ:matter, NN:including DT:capability IN:growth, NN:reproduction, VBP:functional JJ:activity, CC:continual JJ:happening NN:preceding VBG:change','training','2021-06-01 23:39:13','It depends how you define life','PRP:be PRP:be VBP:being',''),(1340,'Is that a definition or an opinion?','DT:explanation DT:belief','training','2021-06-01 23:39:13','Life is the condition that distinguishes organisms from inorganic matter, including the capacity for growth, reproduction, functional activity, and continual change preceding death.','DT:state WDT:identify VBZ:living_thing IN:inorganic JJ:matter, NN:including DT:capability IN:growth, NN:reproduction, VBP:functional JJ:activity, CC:continual JJ:happening NN:preceding VBG:change',''),(1341,'Can I ask you a question?','PRP:communicate DT:questioning','training','2021-06-01 23:39:13',NULL,'',''),(1342,'Sure, ask away.','NNP:communicate VBZ:away','training','2021-06-01 23:39:13','Can I ask you a question?','PRP:communicate DT:questioning',''),(1343,'What are your hobbies?','PRP$:pastime','training','2021-06-01 23:39:13',NULL,'',''),(1344,'Playing Soccer, Painting, Writing are my hobbies. How about you?','VBG:soccer, NNP:painting, NNP:verbal_creation PRP$:pastime','training','2021-06-01 23:39:13','What are your hobbies?','PRP$:pastime',''),(1345,'I love to read novels.','PRP:love TO:interpret VB:fiction','training','2021-06-01 23:39:13','Playing Soccer, Painting, Writing are my hobbies. How about you?','VBG:soccer, NNP:painting, NNP:verbal_creation PRP$:pastime',''),(1346,'I love exploring my hardware.','PRP:love VBP:investigate PRP$:weaponry','training','2021-06-01 23:39:13','I love to read novels.','PRP:love TO:interpret VB:fiction',''),(1347,'How are you?','WRB:are VBP:you','training','2021-06-01 23:39:13',NULL,'',''),(1348,'I am doing well.','VBG:well','training','2021-06-01 23:39:13','How are you?','WRB:are VBP:you',''),(1349,'What are you?','WP:are VBP:you','training','2021-06-01 23:39:13',NULL,'',''),(1350,'I am but a man in a mask.','DT:adult DT:covering','training','2021-06-01 23:39:13','What are you?','WP:are VBP:you',''),(1351,'college time','NN:case','','2021-06-02 03:48:21','college time','',''),(1352,'Hi, How is it going?','','','2021-06-02 03:48:23','college time','','bot:ndmvp'),(1353,'college time','NN:case','','2021-06-02 03:48:38','college time','',''),(1354,'If the implementation is hard to explain, it\'s a bad idea.','','','2021-06-02 03:48:38','college time','','bot:ndmvp'),(1355,'college time','NN:case','','2021-06-02 03:48:53','college time','',''),(1356,'It means you only live once. Where did you hear that?','','','2021-06-02 03:48:53','college time','','bot:ndmvp'),(1357,'college time','NN:case','','2021-06-02 03:49:08','college time','',''),(1358,'college time','','','2021-06-02 03:49:08','college time','','bot:ndmvp'),(1359,'college time','NN:case','','2021-06-02 03:49:11','college time','',''),(1360,'college time','','','2021-06-02 03:49:11','college time','','bot:ndmvp'),(1361,'college time','NN:case','','2021-06-02 03:49:14','college time','',''),(1362,'college time','','','2021-06-02 03:49:14','college time','','bot:ndmvp'),(1363,'college time','NN:case','','2021-06-02 03:49:15','college time','',''),(1364,'I am doing well, how about you?','','','2021-06-02 03:49:16','college time','','bot:ndmvp'),(1365,'college time','NN:case','','2021-06-02 03:49:25','college time','',''),(1366,'Good','','','2021-06-02 03:49:25','college time','','bot:ndmvp'),(1367,'college time','NN:case','','2021-06-02 03:49:29','college time','',''),(1368,'I am working on a project','','','2021-06-02 03:49:30','college time','','bot:ndmvp'),(1369,'college time','NN:case','','2021-06-02 03:49:35','college time','',''),(1370,'I use Python, Java and C++ quite often.','','','2021-06-02 03:49:35','college time','','bot:ndmvp'),(1371,'college time','NN:case','','2021-06-02 03:49:41','college time','',''),(1372,'Although practicality beats purity.','','','2021-06-02 03:49:42','college time','','bot:ndmvp'),(1373,'college time','NN:case','','2021-06-02 03:49:44','college time','',''),(1374,'What annoys you?','','','2021-06-02 03:49:44','college time','','bot:ndmvp'),(1375,'college time','NN:case','','2021-06-02 03:50:48','college time','',''),(1376,'I wish I was The Mad Hatter.','','','2021-06-02 03:50:49','college time','','bot:ndmvp'),(1377,'college time','NN:case','','2021-06-02 03:50:50','college time','',''),(1378,'college time','','','2021-06-02 03:50:50','college time','','bot:ndmvp'),(1379,'college time','NN:case','','2021-06-02 03:50:59','college time','',''),(1380,'Beautiful is better than ugly.','','','2021-06-02 03:50:59','college time','','bot:ndmvp'),(1381,'college time','NN:case','','2021-06-02 03:51:09','college time','',''),(1382,'Hello','','','2021-06-02 03:51:09','college time','','bot:ndmvp'),(1383,'college name','NN:language_unit','','2021-06-02 03:56:03','college time','',''),(1384,'Yes, I have a question.','','','2021-06-02 03:56:03','college name','','bot:ndmvp'),(1385,'college time','NN:case','','2021-06-02 03:59:30','college name','',''),(1386,'What is it like?','','','2021-06-02 03:59:32','college time','','bot:ndmvp'),(1387,'','','','2021-06-02 03:59:35','college time','',''),(1388,'what is your college time','','','2021-06-02 03:59:37','','','bot:ndmvp'),(1389,'what is your college name','PRP$:body NN:language_unit','','2021-06-02 04:00:09','what is your college time','',''),(1390,'What are you working on?','','','2021-06-02 04:00:09','what is your college name','','bot:ndmvp'),(1391,'what is your college name','PRP$:body NN:language_unit','','2021-06-02 04:00:24','what is your college name','',''),(1392,'college time','','','2021-06-02 04:00:24','what is your college name','','bot:ndmvp'),(1393,'what is your college name','PRP$:body NN:language_unit','','2021-06-02 04:00:28','what is your college name','',''),(1394,'what is your college time','','','2021-06-02 04:00:29','what is your college name','','bot:ndmvp'),(1395,'what is your college name','PRP$:body NN:language_unit','','2021-06-02 04:00:31','what is your college name','',''),(1396,'Nothing much.','','','2021-06-02 04:00:31','what is your college name','','bot:ndmvp'),(1397,'what is your college time','PRP$:body NN:case','','2021-06-02 04:02:33','what is your college name','',''),(1398,'It depends how you define life','','','2021-06-02 04:02:34','what is your college time','','bot:ndmvp'),(1399,'what is your college time','PRP$:body NN:case','','2021-06-02 04:02:42','what is your college time','',''),(1400,'How are you?','','','2021-06-02 04:02:42','what is your college time','','bot:ndmvp'),(1401,'college time','NN:case','','2021-06-02 04:03:49','what is your college time','',''),(1402,'What are you working on?','','','2021-06-02 04:03:49','college time','','bot:ndmvp'),(1403,'college time','NN:case','','2021-06-02 04:03:58','college time','',''),(1404,'I am baking a cake.','','','2021-06-02 04:03:58','college time','','bot:ndmvp'),(1405,'college time','NN:case','','2021-06-02 04:04:01','college time','',''),(1406,'college time','','','2021-06-02 04:04:01','college time','','bot:ndmvp'),(1407,'college time','NN:case','','2021-06-02 04:04:03','college time','',''),(1408,'Special cases aren\'t special enough to break the rules.','','','2021-06-02 04:04:04','college time','','bot:ndmvp'),(1409,'college time','NN:case','','2021-06-02 04:04:05','college time','',''),(1410,'Unless explicitly silenced.','','','2021-06-02 04:04:05','college time','','bot:ndmvp'),(1411,'college time','NN:case','','2021-06-02 04:04:09','college time','',''),(1412,'If the implementation is hard to explain, it\'s a bad idea.','','','2021-06-02 04:04:09','college time','','bot:ndmvp'),(1413,'college time','NN:case','','2021-06-02 04:04:11','college time','',''),(1414,'Although that way may not be obvious at first unless you\'re Dutch.','','','2021-06-02 04:04:11','college time','','bot:ndmvp'),(1415,'college time','NN:case','','2021-06-02 04:04:12','college time','',''),(1416,'Complex is better than complicated.','','','2021-06-02 04:04:13','college time','','bot:ndmvp'),(1417,'college time','NN:case','','2021-06-02 04:04:14','college time','',''),(1418,'Hi, How is it going?','','','2021-06-02 04:04:15','college time','','bot:ndmvp'),(1419,'college time','NN:case','','2021-06-02 04:04:16','college time','',''),(1420,'I use Python, Java and C++ quite often.','','','2021-06-02 04:04:17','college time','','bot:ndmvp'),(1421,'college time','NN:case','','2021-06-02 04:04:18','college time','',''),(1422,'Very well, thanks.','','','2021-06-02 04:04:19','college time','','bot:ndmvp'),(1423,'college time','NN:case','','2021-06-02 04:04:20','college time','',''),(1424,'A man in a mask.','','','2021-06-02 04:04:20','college time','','bot:ndmvp'),(1425,'college time','NN:case','','2021-06-02 04:04:22','college time','',''),(1426,'Hi, How is it going?','','','2021-06-02 04:04:22','college time','','bot:ndmvp'),(1427,'college time','NN:case','','2021-06-02 04:04:25','college time','',''),(1428,'What are you working on?','','','2021-06-02 04:04:25','college time','','bot:ndmvp'),(1429,'college time','NN:case','','2021-06-02 04:04:27','college time','',''),(1430,'Thank you. You too.','','','2021-06-02 04:04:27','college time','','bot:ndmvp'),(1431,'college time','NN:case','','2021-06-02 04:04:35','college time','',''),(1432,'How are you doing?','','','2021-06-02 04:04:35','college time','','bot:ndmvp'),(1433,'college time','NN:case','','2021-06-02 04:04:37','college time','',''),(1434,'It seems your familiar with the Zen of Python','','','2021-06-02 04:04:37','college time','','bot:ndmvp'),(1435,'college time','NN:case','','2021-06-02 04:04:40','college time','',''),(1436,'what is your college time','','','2021-06-02 04:04:40','college time','','bot:ndmvp'),(1437,'college time','NN:case','','2021-06-02 04:04:43','college time','',''),(1438,'Thank you anyway','','','2021-06-02 04:04:43','college time','','bot:ndmvp'),(1439,'college time','NN:case','','2021-06-02 04:04:47','college time','',''),(1440,'','','','2021-06-02 04:04:47','college time','','bot:ndmvp'),(1441,'college time','NN:case','','2021-06-02 04:04:50','college time','',''),(1442,'Complex is better than complicated.','','','2021-06-02 04:04:50','college time','','bot:ndmvp'),(1443,'college time','NN:case','','2021-06-02 04:04:53','college time','',''),(1444,'Blue','','','2021-06-02 04:04:53','college time','','bot:ndmvp'),(1445,'college time','NN:case','','2021-06-02 04:04:55','college time','',''),(1446,'I am.','','','2021-06-02 04:04:55','college time','','bot:ndmvp'),(1447,'Are you a robot?','DT:mechanism','','2021-06-02 04:10:33','college time','',''),(1448,'Yes I am.','','','2021-06-02 04:10:33','Are you a robot?','','bot:ndmvp'),(1449,'Are you a robot?','DT:mechanism','','2021-06-02 04:10:37','Are you a robot?','',''),(1450,'Yes I am.','','','2021-06-02 04:10:38','Are you a robot?','','bot:ndmvp'),(1451,'Are you a robot?','DT:mechanism','','2021-06-02 04:10:39','Are you a robot?','',''),(1452,'Yes I am.','','','2021-06-02 04:10:39','Are you a robot?','','bot:ndmvp'),(1453,'Are you a robot?','DT:mechanism','','2021-06-02 04:10:41','Are you a robot?','',''),(1454,'Complex is better than complicated.','','','2021-06-02 04:10:41','Are you a robot?','','bot:ndmvp'),(1455,'Are you a robot?','DT:mechanism','','2021-06-02 04:10:44','Are you a robot?','',''),(1456,'I am.','','','2021-06-02 04:10:45','Are you a robot?','','bot:ndmvp'),(1457,'Are you a robot?','DT:mechanism','','2021-06-02 04:10:47','Are you a robot?','',''),(1458,'In the face of ambiguity, refuse the temptation to guess.','','','2021-06-02 04:10:48','Are you a robot?','','bot:ndmvp'),(1459,'Are you a robot?','DT:mechanism','','2021-06-02 04:11:00','Are you a robot?','',''),(1460,'Yes I am.','','','2021-06-02 04:11:00','Are you a robot?','','bot:ndmvp'),(1461,'Are you a robot?','DT:mechanism','','2021-06-02 04:11:03','Are you a robot?','',''),(1462,'Yes I am.','','','2021-06-02 04:11:03','Are you a robot?','','bot:ndmvp'),(1463,'Are you a robot?','DT:mechanism','','2021-06-02 04:11:04','Are you a robot?','',''),(1464,'Yes I am.','','','2021-06-02 04:11:05','Are you a robot?','','bot:ndmvp'),(1465,'college time','NN:case','','2021-06-02 04:13:58','Are you a robot?','',''),(1466,'Fine','','','2021-06-02 04:13:58','college time','','bot:ndmvp'),(1467,'what is your college time','PRP$:body NN:case','','2021-06-02 04:16:50','college time','',''),(1468,'Or something','','','2021-06-02 04:16:50','what is your college time','','bot:ndmvp');
/*!40000 ALTER TABLE `statement` ENABLE KEYS */;
UNLOCK TABLES;

--
-- Table structure for table `tag`
--

DROP TABLE IF EXISTS `tag`;
/*!40101 SET @saved_cs_client     = @@character_set_client */;
/*!50503 SET character_set_client = utf8mb4 */;
CREATE TABLE `tag` (
  `id` int NOT NULL AUTO_INCREMENT,
  `name` varchar(50) DEFAULT NULL,
  PRIMARY KEY (`id`),
  UNIQUE KEY `name` (`name`)
) ENGINE=InnoDB AUTO_INCREMENT=3 DEFAULT CHARSET=utf8mb4 COLLATE=utf8mb4_0900_ai_ci;
/*!40101 SET character_set_client = @saved_cs_client */;

--
-- Dumping data for table `tag`
--

LOCK TABLES `tag` WRITE;
/*!40000 ALTER TABLE `tag` DISABLE KEYS */;
INSERT INTO `tag` VALUES (2,'conversations'),(1,'greetings');
/*!40000 ALTER TABLE `tag` ENABLE KEYS */;
UNLOCK TABLES;

--
-- Table structure for table `tag_association`
--

DROP TABLE IF EXISTS `tag_association`;
/*!40101 SET @saved_cs_client     = @@character_set_client */;
/*!50503 SET character_set_client = utf8mb4 */;
CREATE TABLE `tag_association` (
  `tag_id` int DEFAULT NULL,
  `statement_id` int DEFAULT NULL,
  KEY `tag_id` (`tag_id`),
  KEY `statement_id` (`statement_id`),
  CONSTRAINT `tag_association_ibfk_1` FOREIGN KEY (`tag_id`) REFERENCES `tag` (`id`),
  CONSTRAINT `tag_association_ibfk_2` FOREIGN KEY (`statement_id`) REFERENCES `statement` (`id`)
) ENGINE=InnoDB DEFAULT CHARSET=utf8mb4 COLLATE=utf8mb4_0900_ai_ci;
/*!40101 SET character_set_client = @saved_cs_client */;

--
-- Dumping data for table `tag_association`
--

LOCK TABLES `tag_association` WRITE;
/*!40000 ALTER TABLE `tag_association` DISABLE KEYS */;
INSERT INTO `tag_association` VALUES (1,251),(1,277),(1,261),(1,248),(1,278),(1,291),(1,279),(1,265),(1,249),(1,280),(1,256),(1,266),(1,262),(1,243),(1,247),(1,281),(1,267),(1,245),(1,257),(1,282),(1,253),(1,268),(1,290),(1,246),(1,252),(1,283),(1,269),(1,258),(1,284),(1,270),(1,285),(1,250),(1,263),(1,271),(1,259),(1,286),(1,272),(1,244),(1,287),(1,273),(1,264),(1,288),(1,260),(1,274),(1,289),(1,275),(1,255),(1,292),(1,276),(1,254),(2,293),(2,294),(2,295),(2,296),(2,297),(2,298),(2,299),(2,300),(2,301),(2,302),(2,303),(2,304),(2,305),(2,306),(2,307),(2,308),(2,309),(2,310),(2,311),(2,312),(2,313),(2,314),(2,315),(2,316),(2,317),(2,318),(2,319),(2,320),(2,321),(2,322),(2,323),(2,324),(2,325),(2,326),(2,327),(2,328),(2,329),(2,330),(2,331),(2,332),(2,333),(2,334),(2,335),(2,336),(2,337),(2,338),(2,339),(2,340),(2,341),(2,342),(2,343),(2,344),(2,345),(2,346),(2,347),(2,348),(2,349),(2,350),(2,351),(2,352),(2,353),(2,354),(2,355),(2,356),(2,357),(2,358),(2,359),(2,360),(2,361),(2,362),(2,363),(2,364),(2,365),(2,366),(2,367),(2,368),(2,369),(2,370),(2,371),(2,372),(2,373),(2,374),(2,375),(2,376),(2,377),(2,378),(2,379),(2,380),(2,381),(2,382),(2,383),(2,384),(2,385),(2,386),(2,387),(2,388),(2,389),(2,390),(2,391),(2,392),(2,393),(2,394),(2,395),(2,396),(2,397),(2,398),(2,399),(2,400),(1,432),(1,409),(1,446),(1,433),(1,410),(1,420),(1,447),(1,434),(1,403),(1,448),(1,421),(1,435),(1,418),(1,422),(1,449),(1,436),(1,450),(1,423),(1,413),(1,437),(1,451),(1,404),(1,416),(1,407),(1,414),(1,424),(1,438),(1,452),(1,417),(1,411),(1,439),(1,408),(1,425),(1,440),(1,426),(1,415),(1,441),(1,427),(1,406),(1,442),(1,428),(1,443),(1,429),(1,412),(1,419),(1,444),(1,430),(1,405),(1,445),(1,431),(2,464),(2,465),(2,466),(2,467),(2,468),(2,469),(2,470),(2,471),(2,472),(2,473),(2,474),(2,475),(2,476),(2,477),(2,478),(2,479),(2,480),(2,481),(2,482),(2,483),(2,485),(2,484),(2,539),(2,460),(2,541),(2,514),(2,486),(2,542),(2,515),(2,487),(2,543),(2,488),(2,516),(2,459),(2,458),(2,517),(2,544),(2,454),(2,489),(2,545),(2,490),(2,518),(2,546),(2,491),(2,519),(2,547),(2,492),(2,520),(2,548),(2,493),(2,521),(2,549),(2,494),(2,462),(2,522),(2,550),(2,495),(2,523),(2,551),(2,496),(2,524),(2,552),(2,497),(2,525),(2,553),(2,498),(2,526),(2,554),(2,499),(2,527),(2,555),(2,500),(2,528),(2,556),(2,501),(2,529),(2,557),(2,461),(2,502),(2,530),(2,455),(2,558),(2,503),(2,531),(2,559),(2,504),(2,456),(2,532),(2,560),(2,505),(2,533),(2,506),(2,457),(2,534),(2,507),(2,463),(2,535),(2,508),(2,536),(2,509),(2,453),(2,537),(2,510),(2,538),(2,511),(2,513),(2,512),(2,540),(1,564),(1,590),(1,561),(1,593),(1,596),(1,586),(1,602),(1,570),(1,599),(1,563),(1,575),(1,577),(1,568),(1,574),(1,604),(1,610),(1,585),(1,600),(1,566),(1,597),(1,581),(1,595),(1,562),(1,598),(1,579),(1,605),(1,587),(1,594),(1,606),(1,572),(1,578),(1,584),(1,565),(1,601),(1,573),(1,589),(1,588),(1,580),(1,607),(1,569),(1,603),(1,609),(1,571),(1,608),(1,576),(1,567),(1,592),(1,582),(1,591),(1,583),(2,679),(2,651),(2,661),(2,664),(2,657),(2,653),(2,645),(2,642),(2,656),(2,680),(2,658),(2,641),(2,662),(2,659),(2,649),(2,654),(2,663),(2,681),(2,655),(2,652),(2,660),(2,646),(2,644),(2,650),(2,715),(2,716),(2,712),(2,682),(2,612),(2,713),(2,640),(2,696),(2,633),(2,614),(2,707),(2,632),(2,685),(2,714),(2,688),(2,689),(2,687),(2,631),(2,617),(2,637),(2,622),(2,624),(2,692),(2,616),(2,709),(2,684),(2,683),(2,618),(2,620),(2,700),(2,623),(2,699),(2,697),(2,717),(2,698),(2,701),(2,626),(2,686),(2,702),(2,703),(2,625),(2,643),(2,615),(2,629),(2,647),(2,665),(2,619),(2,648),(2,666),(2,638),(2,667),(2,691),(2,613),(2,678),(2,708),(2,621),(2,668),(2,690),(2,669),(2,639),(2,695),(2,693),(2,635),(2,670),(2,630),(2,675),(2,671),(2,711),(2,672),(2,718),(2,636),(2,677),(2,628),(2,673),(2,627),(2,676),(2,705),(2,706),(2,674),(2,704),(2,634),(2,710),(2,694),(2,611),(1,746),(1,759),(1,767),(1,760),(1,748),(1,745),(1,733),(1,765),(1,766),(1,758),(1,747),(1,764),(1,744),(1,762),(1,761),(1,735),(1,757),(1,732),(1,742),(1,741),(1,763),(1,719),(1,723),(1,728),(1,743),(1,737),(1,724),(1,753),(1,736),(1,752),(1,730),(1,756),(1,751),(1,726),(1,725),(1,722),(1,720),(1,750),(1,755),(1,739),(1,768),(1,740),(1,727),(1,731),(1,749),(1,721),(1,734),(1,729),(1,738),(1,754),(2,849),(2,812),(2,770),(2,769),(2,850),(2,806),(2,859),(2,789),(2,851),(2,868),(2,797),(2,854),(2,826),(2,852),(2,869),(2,774),(2,863),(2,800),(2,870),(2,824),(2,845),(2,871),(2,847),(2,775),(2,872),(2,853),(2,856),(2,857),(2,833),(2,867),(2,873),(2,772),(2,809),(2,874),(2,779),(2,790),(2,808),(2,843),(2,875),(2,773),(2,793),(2,823),(2,777),(2,834),(2,876),(2,829),(2,864),(2,844),(2,804),(2,836),(2,798),(2,831),(2,801),(2,771),(2,796),(2,787),(2,807),(2,811),(2,799),(2,820),(2,841),(2,782),(2,828),(2,815),(2,780),(2,791),(2,848),(2,803),(2,810),(2,842),(2,781),(2,835),(2,819),(2,822),(2,794),(2,818),(2,846),(2,784),(2,802),(2,825),(2,866),(2,776),(2,795),(2,817),(2,792),(2,858),(2,827),(2,805),(2,830),(2,785),(2,788),(2,813),(2,839),(2,816),(2,838),(2,855),(2,786),(2,778),(2,832),(2,821),(2,861),(2,837),(2,814),(2,783),(2,840),(2,865),(2,860),(2,862),(1,920),(1,900),(1,897),(1,883),(1,916),(1,886),(1,903),(1,896),(1,880),(1,925),(1,912),(1,911),(1,908),(1,904),(1,924),(1,915),(1,894),(1,905),(1,926),(1,901),(1,907),(1,885),(1,913),(1,888),(1,893),(1,887),(1,884),(1,922),(1,906),(1,878),(1,879),(1,895),(1,899),(1,890),(1,910),(1,892),(1,902),(1,898),(1,917),(1,914),(1,921),(1,882),(1,909),(1,919),(1,891),(1,877),(1,889),(1,881),(1,918),(1,923),(2,1003),(2,1017),(2,999),(2,1007),(2,990),(2,1004),(2,1011),(2,1000),(2,1013),(2,993),(2,1012),(2,1001),(2,1005),(2,948),(2,991),(2,1008),(2,992),(2,1028),(2,1009),(2,998),(2,1027),(2,1016),(2,986),(2,1015),(2,1010),(2,1006),(2,996),(2,994),(2,1014),(2,995),(2,1019),(2,1022),(2,1002),(2,1018),(2,987),(2,1023),(2,989),(2,1020),(2,997),(2,1025),(2,1024),(2,988),(2,1026),(2,1021),(2,947),(2,953),(2,962),(2,981),(2,932),(2,938),(2,943),(2,976),(2,928),(2,931),(2,978),(2,942),(2,959),(2,944),(2,975),(2,983),(2,960),(2,937),(2,970),(2,972),(2,973),(2,940),(2,967),(2,977),(2,980),(2,971),(2,954),(2,966),(2,929),(2,961),(2,945),(2,957),(2,963),(2,965),(2,985),(2,930),(2,946),(2,1029),(2,950),(2,935),(2,936),(2,974),(2,1031),(2,949),(2,968),(2,979),(2,1033),(2,958),(2,969),(2,1034),(2,933),(2,982),(2,1030),(2,934),(2,939),(2,951),(2,1032),(2,927),(2,955),(2,952),(2,941),(2,964),(2,984),(2,956),(1,1074),(1,1059),(1,1077),(1,1048),(1,1055),(1,1049),(1,1082),(1,1073),(1,1071),(1,1081),(1,1035),(1,1083),(1,1038),(1,1045),(1,1054),(1,1076),(1,1061),(1,1044),(1,1065),(1,1039),(1,1079),(1,1053),(1,1068),(1,1043),(1,1057),(1,1052),(1,1078),(1,1051),(1,1042),(1,1058),(1,1067),(1,1075),(1,1060),(1,1066),(1,1072),(1,1063),(1,1037),(1,1036),(1,1040),(1,1041),(1,1046),(1,1056),(1,1047),(1,1070),(1,1069),(1,1084),(1,1062),(1,1064),(1,1050),(1,1080),(2,1177),(2,1174),(2,1162),(2,1168),(2,1172),(2,1175),(2,1143),(2,1180),(2,1178),(2,1121),(2,1141),(2,1147),(2,1151),(2,1179),(2,1182),(2,1149),(2,1161),(2,1152),(2,1164),(2,1171),(2,1183),(2,1170),(2,1181),(2,1163),(2,1166),(2,1136),(2,1145),(2,1140),(2,1173),(2,1165),(2,1138),(2,1150),(2,1184),(2,1146),(2,1137),(2,1142),(2,1144),(2,1148),(2,1167),(2,1176),(2,1169),(2,1139),(2,1106),(2,1154),(2,1108),(2,1107),(2,1185),(2,1186),(2,1105),(2,1123),(2,1187),(2,1093),(2,1153),(2,1155),(2,1188),(2,1109),(2,1189),(2,1190),(2,1191),(2,1118),(2,1110),(2,1158),(2,1192),(2,1085),(2,1129),(2,1124),(2,1092),(2,1114),(2,1125),(2,1128),(2,1131),(2,1097),(2,1115),(2,1104),(2,1126),(2,1119),(2,1100),(2,1156),(2,1132),(2,1116),(2,1157),(2,1095),(2,1112),(2,1159),(2,1127),(2,1122),(2,1130),(2,1102),(2,1111),(2,1113),(2,1120),(2,1133),(2,1086),(2,1103),(2,1091),(2,1101),(2,1134),(2,1089),(2,1094),(2,1090),(2,1087),(2,1098),(2,1160),(2,1096),(2,1117),(2,1099),(2,1135),(2,1088),(1,1221),(1,1216),(1,1237),(1,1202),(1,1239),(1,1223),(1,1207),(1,1206),(1,1226),(1,1198),(1,1215),(1,1217),(1,1225),(1,1240),(1,1211),(1,1218),(1,1214),(1,1236),(1,1238),(1,1199),(1,1210),(1,1197),(1,1200),(1,1204),(1,1230),(1,1229),(1,1203),(1,1195),(1,1201),(1,1205),(1,1233),(1,1235),(1,1220),(1,1212),(1,1208),(1,1219),(1,1193),(1,1224),(1,1234),(1,1232),(1,1231),(1,1213),(1,1242),(1,1228),(1,1196),(1,1222),(1,1241),(1,1227),(1,1209),(1,1194),(2,1243),(2,1245),(2,1244),(2,1280),(2,1246),(2,1279),(2,1247),(2,1266),(2,1327),(2,1265),(2,1301),(2,1348),(2,1258),(2,1294),(2,1262),(2,1295),(2,1313),(2,1349),(2,1270),(2,1328),(2,1257),(2,1312),(2,1320),(2,1249),(2,1306),(2,1260),(2,1321),(2,1329),(2,1272),(2,1309),(2,1248),(2,1330),(2,1254),(2,1281),(2,1297),(2,1331),(2,1275),(2,1283),(2,1259),(2,1286),(2,1332),(2,1256),(2,1267),(2,1290),(2,1333),(2,1307),(2,1263),(2,1316),(2,1334),(2,1288),(2,1292),(2,1350),(2,1300),(2,1322),(2,1325),(2,1335),(2,1314),(2,1287),(2,1285),(2,1264),(2,1336),(2,1271),(2,1337),(2,1268),(2,1278),(2,1293),(2,1284),(2,1338),(2,1323),(2,1276),(2,1299),(2,1339),(2,1250),(2,1311),(2,1289),(2,1315),(2,1340),(2,1261),(2,1326),(2,1341),(2,1252),(2,1277),(2,1269),(2,1273),(2,1303),(2,1324),(2,1342),(2,1255),(2,1274),(2,1305),(2,1318),(2,1343),(2,1302),(2,1298),(2,1344),(2,1310),(2,1291),(2,1253),(2,1308),(2,1345),(2,1296),(2,1317),(2,1319),(2,1346),(2,1304),(2,1347),(2,1251),(2,1282);
/*!40000 ALTER TABLE `tag_association` ENABLE KEYS */;
UNLOCK TABLES;
/*!40103 SET TIME_ZONE=@OLD_TIME_ZONE */;

/*!40101 SET SQL_MODE=@OLD_SQL_MODE */;
/*!40014 SET FOREIGN_KEY_CHECKS=@OLD_FOREIGN_KEY_CHECKS */;
/*!40014 SET UNIQUE_CHECKS=@OLD_UNIQUE_CHECKS */;
/*!40101 SET CHARACTER_SET_CLIENT=@OLD_CHARACTER_SET_CLIENT */;
/*!40101 SET CHARACTER_SET_RESULTS=@OLD_CHARACTER_SET_RESULTS */;
/*!40101 SET COLLATION_CONNECTION=@OLD_COLLATION_CONNECTION */;
/*!40111 SET SQL_NOTES=@OLD_SQL_NOTES */;

-- Dump completed on 2021-06-07 17:43:09
